-1.7764733376823 0.858371457229494 200.411203925941 2.16331052246612 -1.51164635195553 6.94688491213834 9.52034173613414 -1.59659966222906 12.3103772509152 0.404292079244098
-2.32701782850825 3.10872820101426 199.577050986766 7.44066165748168 -1.03284600609744 3.10435557194218 10.5945521617141 2.33781553229181 8.66017690113685 0.302803286159134
-1.70905980767811 3.60700925756589 197.671887471832 0.52231192328828 0.69230633267794 3.0313421869057 9.30598357985036 0.100910109669662 8.25043205281671 3.21886587038633
1.05907454379407 0.483898970168118 197.270524731532 6.06651493396006 0.0285162900662233 3.62845938634029 7.23459497441949 0.627830076562553 8.4586202273295 0.902279362630107
1.89366460868118 3.24324318112229 198.990869372455 3.82301277644686 -0.0904868913892429 5.19636854434918 7.87977015702872 -1.56833683456767 9.08875797994674 2.65630417679713
1.48573371357536 -0.742040485956054 201.454887790244 3.44199943882314 -2.28556322040902 4.30770333861156 11.0401710007324 0.842080428774355 7.11882265164127 0.299928362036022
-3.57050503739612 0.531415194439108 200.106482719174 4.08502326257707 -2.40015195045159 6.55607557486672 10.4891420631164 3.64720978040751 8.25588763774292 -1.45562071446051
-1.51874900372632 1.77100722117951 200.787852321871 4.76030864047999 0.716087571889897 4.53501392546351 8.79500874814363 2.36417047483258 5.15111961668866 1.48749772872327
-0.787523006098137 2.58925383954352 198.828106257453 4.72269216217081 -4.94488936024457 7.22171754712072 10.2907887094658 -2.18494921185935 7.69798656865649 2.61982723675826
-1.30718310081566 2.4624882323247 200.232065464092 4.68071813220805 -3.36383615947413 2.47435051942715 10.0113656328853 -1.60142199273821 8.02367931907989 1.45354936206818
-1.48309708047439 -0.245452655767953 199.944434803868 2.75109601044039 -3.14641904721161 5.98996539070032 9.06821170867853 -2.00094206103388 9.71606382358536 2.41999497892832
0.960200886666657 2.92881175919553 198.333347201481 4.08623726990709 -2.82854829647673 5.00934736015672 8.05453626370967 1.07452386626238 6.20463760894525 1.07855649220955
-1.29029519815921 0.468723956092851 202.030521297308 3.05193965691578 0.691649673005429 7.07777338377437 11.2635620420419 1.79276880341583 10.0255030534869 -1.04756196450415
-1.03066198118079 -0.0319853429814847 197.894656298326 5.259639284622 -1.48308164938578 4.93035379231475 10.3574526651786 0.344233707329244 7.98804942978176 0.561051784972354
1.25545545066135 -0.944252794424085 201.190067448978 3.55918792714082 0.294006027151141 4.44555241554779 11.8892800903886 0.0309525616139458 6.8315208488239 -0.285959459189616
1.18462221744968 1.08738932299049 199.229632820266 4.0702125202125 -2.08875023129667 4.85468429285385 11.3273381767872 -1.23855988560772 7.23958259058984 0.779210364935731
-0.363288165229217 2.39544733247178 200.189462386505 4.559714593594 1.30557929388799 5.49159235452784 9.08776461367408 0.312273535517076 6.17067121746351 2.54967916324326
-2.34068752126918 0.423567159974648 199.689220645407 4.09343195181882 0.0441883436534684 3.57587062083824 8.94966474698041 0.0904425499121051 7.69560856799313 1.80743032890119
0.802620923672558 1.93341734467139 198.535688669833 4.68692356746553 0.614701102747666 3.31897273821395 10.6315354996857 -1.16216285572956 4.33211912268437 -0.204125678868865
-3.15056974960116 3.03427834815697 199.789974180896 6.75934429785334 -2.02806013966828 3.13518875407332 10.8120849962999 1.38301540804193 8.44373756149749 1.43755265999381
-1.66840423572026 1.43860349319134 199.357750391985 3.96160956256512 -1.51764959306104 5.86566348819862 9.75549869874799 -1.39220897165387 9.18335181505558 -0.0509488593840572
-2.37031310463768 0.588244346651935 200.303651306673 0.901133423662601 -0.26432144989944 2.89120117189245 9.44849839244269 -3.02475583968041 6.82218883875713 -1.19041992925911
-0.733854164611509 -1.3338669855529 199.981613563486 6.06111836300632 -0.869905528127931 7.09775897094114 10.0328164098372 -1.08543353331153 8.55269717237961 2.20271409315769
-0.165314572524629 2.06427661232057 201.478893640949 5.03715222400903 0.371316390596087 5.34256328817169 10.3248819193683 -1.24121042366092 7.36831447014065 1.73831096019971
-0.856013159793117 -0.36884864243835 198.07710299046 4.33210689291096 -1.23324959533878 5.12552456519487 8.89114138392305 -0.532900008711136 6.47991496722233 -1.8295978480041
0.964915097902698 -1.54295753048244 197.673516363692 4.63138060090268 -3.08410565465828 3.79661916533588 8.72076645126095 0.737872371451107 8.07605724290307 0.610524508075643
0.216367528682207 0.984809945021508 199.026585793371 5.33159509190879 0.980348831878968 3.96688185078461 10.0999444537254 0.991126681118931 5.3844789094817 0.147897247075612
-1.43014351205449 3.68884880584173 200.268442815945 5.04598198525617 -0.987897480458987 4.29745729913028 8.25339117124155 1.15242129268966 10.9162417166785 1.70282487156124
-0.0356683277763199 2.21356473084205 198.834279972579 1.99061243479654 -1.20919876579472 4.05281600869614 10.4930154057672 -0.231122951304338 10.3898070140111 4.29973695566316
-2.83277017176115 0.143558025314619 201.631303212861 3.3390562866469 -1.13859877205971 3.97150741467989 9.28316342019696 0.320286961042979 11.169899677572 2.95907027792303
1.78156850852959 0.682924865756034 200.85530168991 0.0341980707904597 1.31547124344746 6.36118097819892 10.4221037528771 1.71208374174987 8.21175479997918 2.04254618485181
2.56087259064583 1.05928482269004 202.3476348302 8.32783307321875 0.56703779801351 6.26486674442022 11.6801261278853 -0.547346901092407 8.76393541738084 0.296328771378787
0.90119385303222 1.46418531291824 200.777918879593 3.79314528240768 -0.169358549809217 4.6293667873005 12.6563596655515 2.08668555265457 11.1776479305128 1.48106166418387
0.377582561848661 1.19820001592407 198.225963064985 2.60006936425275 0.381469895997025 6.24165652357782 10.5121483769665 2.78338901285312 10.4348495414123 1.68558975392784
-0.875668346979897 1.23775406063255 200.058602812082 2.08867035277314 -1.53801179589824 3.4415983971858 12.2320791939218 0.558850148115795 11.6910236028723 0.0431081759209816
3.93293181782291 3.46460611823474 199.922279105123 6.828461710653 -0.750059590480646 5.17325022337022 8.61733673521106 2.19210856959124 9.50279535420102 0.315900842572899
3.29141208662049 0.031164802695142 200.806450159991 1.47504286447095 1.53319499125949 4.00557020275008 10.4787522451935 -1.44465496342114 6.73762013041162 2.45412825994402
2.56456246003387 -0.494473033547291 200.324437164345 1.64729541034128 1.35710458766692 4.98621386795543 8.75039062473812 -0.197763100744392 11.6338776089903 1.77641302248697
0.922155516084416 0.244794284567777 198.324632368777 4.27678917511162 -0.807801836667752 5.43072325066456 10.1454228403405 -1.43880203766798 9.74774414103447 0.128969380766851
-1.89289901671326 -0.135655312003781 200.29898326645 1.93687046439599 3.59244704273047 3.76489430948425 10.9650699298507 1.07768507352515 12.0588663942269 1.66501448462997
2.52177638645199 -0.93224327605326 198.096682897737 2.92277840995282 -3.14676369475746 4.64171080112785 11.2951299505383 1.32329344042513 11.690097274901 1.4169826928829
2.60970253005187 0.210136502135701 202.461347847296 1.37818342075644 0.755852239023345 5.00238811230151 9.74698587507653 0.625802799287273 10.7158936198291 1.15577985136961
-1.31912389964207 0.97582957239165 202.868184736486 3.049146379545 2.65687137925894 6.2462604702422 10.8653624136559 0.0109638716904718 10.2066500857417 0.61971375117509
1.69147832824879 -1.26430314568274 200.917754779382 1.41932049488351 0.27801752145014 6.08040906476423 9.51258855428027 0.690813069870922 8.77366885168806 3.42527347738887
0.603474487090396 2.82643965486165 199.300871609921 2.95988229968844 -2.01564767862286 4.39124284339919 10.0999590457815 -0.0277617324796716 8.97373297287871 3.56532718658303
0.415534373227724 -0.990295764738653 198.708679404799 2.58350893769516 1.9856744398247 2.63443348079412 9.12591602259636 0.961638069226821 9.62370654959791 1.50214406533467
1.50672556213573 1.22507026088139 200.338504968496 0.888571874046594 -1.55228585961716 5.90315383407148 9.19315389284085 1.81915381313413 12.3083583344235 4.1717177324403
2.69502278409133 -1.76726438309192 201.222838497188 4.02846740164052 0.327853264816537 5.47450088913593 9.65681502584589 3.07457052002768 9.69533008416053 -0.925009908432215
2.5918478660012 0.645696981056172 196.031965161911 4.23790004277821 -2.18187497659126 5.89571899258259 7.45414363657502 -1.03131280008317 10.5597337705726 -0.340439201368717
0.117091603055082 1.64608474201025 199.879775638579 3.42370938471011 0.510513650301097 5.67558169128639 8.98003012117567 -1.34846459363282 8.71237683112197 3.08537591035847
-1.53842093128047 2.11712934081266 199.009984897084 4.36972472329455 0.953514519871797 6.29299811095303 7.35011912390485 1.66272646180472 10.8809977621676 2.26351819457
2.00502255538873 -0.0576697380143281 201.734303487227 5.89873039493599 1.90207834245209 3.47704012911996 9.94297299122056 1.18511097147815 8.14696938899241 0.409352470855101
1.00310476196357 0.49709591904386 195.626399157155 6.24846855260984 -0.966462784310912 6.46138664388448 9.86339469080155 4.0085329868188 8.99679613554538 -0.434407803785409
1.23166736917007 1.11100655295634 198.403165114795 2.06111659973553 -1.3053340171715 2.97149572763886 9.0036799781033 -1.02565301300623 7.70158189326518 0.624683753249959
-1.25093614576104 1.39630901296224 197.411478268505 6.49669397941243 0.171981841599613 5.76774687208156 11.7730387169182 2.10500628986785 6.83449245952293 -2.57019814171354
1.53536477354536 0.675939199573652 200.788426095045 2.99213215819091 0.855980502491004 5.3432382033733 8.40372959517937 0.332566761073669 7.10201303097216 -0.659376667375737
-3.96228561012415 2.28371776275125 198.493227622338 2.67599279269943 0.174624017641716 3.47847053755206 10.7655741640861 0.115063007614891 10.3994414132908 0.666274801382814
-0.00694005585465707 2.79334715930584 199.699776295203 3.67094400487209 -0.0919526964268577 3.73671879414301 9.81645788894465 3.15763189768424 8.58172473117443 2.9663050600526
-1.41221999320657 3.54526935114775 200.378685779354 3.17211971066239 0.402553671182925 5.30647222770153 9.48801512715978 1.70745974343497 10.0464671569586 3.66374952301994
0.0247712620289438 -1.55567812604149 200.537622993526 3.27363450907708 2.79928353017997 5.60425995934895 10.5892706662958 -0.828754067690944 8.74773507559566 0.269872668626887
1.16862301425296 5.2914204765908 200.621390877983 1.9965232110546 -1.78779138649664 4.08167525289404 8.77686358565294 -0.747760056080992 8.25525553993026 3.89904072960169
-1.49403215869416 -0.0124757653893284 200.981211737206 3.47128610195814 0.928564629603488 5.23100373582678 8.72389164263497 -0.413475012544927 8.4883184937783 -0.821819332757269
3.63977549691158 3.35641499868785 199.703217492554 4.0224594788299 -1.97802884298567 4.73933054275809 10.0776815480905 1.39339828275501 7.02757696499414 0.327608057111546
-2.25701349094865 0.787431570595542 199.147996959272 3.58092136121251 1.12025438436927 4.58046569029944 10.1971105030173 1.24305200867866 8.57391091872841 0.23693690018406
-0.708414002827638 -1.08868827820807 198.060835387847 3.52513961442303 0.763996674535159 4.19467366079389 10.7723410932984 2.69520191150894 12.691874135401 0.676551522250241
-1.22783595276362 3.64239713227515 199.962971837232 0.718723853671805 -0.0839519960122294 5.56021889253871 10.1324912843078 -0.0672420541423749 9.3024193739612 0.515993485255108
-2.98519225264514 1.3900210360651 202.468370852629 0.670772506097155 0.528787793849483 8.56403764745622 9.64306323160467 0.815318203240328 10.631904961352 1.40644187498986
1.17880976984571 -0.169154873565654 201.843430909988 2.64642090738701 0.873054530006058 4.81700878977808 9.18120289539551 2.61330101776972 9.07936858994275 2.21099897763371
-1.09072156755638 1.78487853828623 200.784448658169 4.00572715899042 0.613332456719681 7.29129377457775 10.6446135827913 -1.41626897074376 9.20491353855638 2.13282422928547
0.00232848568630073 1.91797415187345 201.036586687303 1.59166688272845 -0.395709173685405 5.47581101021813 9.2022757390825 -0.0627131042953536 11.7546375668979 1.78159631637565
0.465565243477616 2.58924182719674 199.290618513933 2.5429458068561 -2.51353926564759 9.27851340477973 10.2607830243766 3.24612861809271 9.62174043647043 2.3935208010437
0.678322157298795 -2.58392862560768 198.705355103688 -1.42221726940744 2.86560760756368 3.54683267685691 7.99224002212524 3.44956360012557 9.69310735123833 1.89645862528676
2.14304365242344 0.885823420891623 200.306919906401 2.54002555292418 0.220699491752465 5.76437077266707 11.2451968602677 0.0715486293694889 9.16668068048994 0.97546929119331
-0.744436487954612 -0.66054024855153 198.655701929426 2.02681964629158 1.15154595489652 4.05764571757107 10.0073626734973 1.29816298975951 10.2176710354794 1.58827287798037
1.73175866052084 2.12920172576666 202.509467308053 1.39032315553176 0.402084024279595 5.55881166964646 10.16982090906 -0.597197717469255 7.79867207217712 2.50916781734804
0.0571617846100296 -0.0449139939105714 198.498829165339 2.87691741380164 -0.00897185548284494 4.48322383330236 10.2644753231881 1.07246876044217 8.75572234092326 0.0721183693508972
0.896961550802904 -1.76519525000109 199.757343234187 2.34200293476111 -1.96759542701919 6.0076211631857 10.8913722065641 -0.140976954329797 8.97204188586583 2.29967005793451
0.588229967349042 3.77783719821786 202.083257447896 5.03716964411263 -1.13078194124413 6.1599347549638 9.55198518050666 -0.177782495252886 12.291473731342 3.0301881725484
0.231384629007935 1.28406470051115 198.587045859021 3.85575002522491 -4.02615132369791 7.13252033181499 9.47751203175074 1.64400741639675 9.12481251597095 0.413282496430669
-0.407605799553971 -0.791487100206554 200.588523757563 -0.181388349851618 1.47254541975264 6.43568017653276 9.60330061933246 -0.820162861792869 7.72533155789935 5.27266762165691
0.358649168196378 -2.79408800438382 198.747953164956 3.83749350516118 0.0987901711279001 6.98839303394891 10.8758730117711 1.44506030022734 9.48510644445949 3.07419245560866
-2.87217550880184 1.04753873891924 199.459923630242 1.97467243326774 0.390033846750393 4.82698888301468 10.1727883245362 -1.437845604031 11.1733188227263 -0.0168910646827041
1.40065410008755 -0.705843496676805 200.874786395957 1.21853781657714 0.522316125342676 4.7979440879696 11.6601563828564 -0.688219779825739 5.84674702930681 -0.496943476709618
-0.08801425126563 0.128647744751142 201.215798845846 3.2324629910566 0.996103295612771 5.90919683272829 9.06951533318883 1.17093877596761 7.88172289115867 2.32603229207174
-1.5566824583006 0.457941690398261 198.395001563567 3.71661731144725 -0.684123845235217 4.03237047860227 10.8437746419595 0.0377185541204697 7.38588179638468 -1.88162311420486
1.45348761765984 2.65825179121755 199.52029577457 4.0315523442626 -3.95670383597399 5.30066603021788 10.3625810424561 2.70905647705466 11.0012312990085 0.917416180299232
-1.46760527771941 3.92819493696521 200.170637723131 3.1831132805246 0.0633890357885414 5.94135268425275 8.70385282517126 0.889602978935454 7.95447341921166 -2.48628040820903
1.88135612348807 1.85331522796768 200.295105319847 1.8489613755504 1.25664901864892 5.50025012524034 8.10381360461783 1.10060570246732 8.75854560880747 3.05326117181522
0.736803571448107 1.01349505025616 201.18808434182 4.74288992039653 1.43439492222837 5.47718123186238 6.33534093596104 0.734434999104591 7.11428462045782 0.421819433953725
2.56276971818754 1.75265022631804 201.519492102394 2.468522869135 1.82420846814559 4.59370094906235 11.0236009615327 -0.916422412157581 7.38919097316093 0.871348117571019
2.23488917781317 1.1758671012137 200.122107359692 2.47669181314468 -0.655022071356733 4.78695512156132 8.54835485000906 -1.6169676006164 9.03884852638484 0.883538060678818
2.63141116627262 1.22158362087332 200.929467736216 3.08259697778287 3.75462164892223 1.91980736468463 7.67324418957006 -0.0974626197404804 6.89281335195319 0.834540912640592
3.23552893278252 1.79520546046871 198.944981637831 4.82996731136557 -3.13114756356819 4.03142543853232 8.27949311044194 1.2865643453053 9.79580626440692 -1.36811580832759
-0.997126510334698 3.18382311880273 201.145612706491 3.73972258046511 -1.51058719532545 4.69304423905339 9.744981717795 -0.0814084350680137 10.0656900896499 0.892019793347304
1.29426556874012 5.02347136188748 199.463198773071 -0.210406597584347 -0.297279449645295 4.57046005165321 9.52039948160476 -0.312753165659635 8.54589351636119 2.50487709845821
2.50295795315577 0.336875927445511 199.115193433663 4.65778692077915 -0.521169914540237 5.48530238284911 11.7897227087531 -1.2899745594676 11.6599813418781 1.10762520997353
2.678085612527 1.91057131363157 202.004867679653 2.00425774182996 0.803032705992926 7.91575988001894 10.061707153546 2.04205797063101 12.5537920303594 1.5496880805551
4.83964840939452 1.40117057121211 199.784176227975 2.21068407076143 -1.0241023627318 5.30600154018155 7.95604895221868 -0.26834648009548 8.218450509275 3.32239116127773
3.19981568348845 -0.407204072554494 198.921670509724 1.31872151291482 0.166094334304501 6.2046806107273 8.07100519839454 -1.72259020682652 10.0351398434069 1.23913615777117
0.169749963130781 0.508449865081435 201.349736033248 5.4574693991489 1.29747396396559 5.47878284196715 7.85341096267051 1.72612645136277 7.70693614456239 -0.807689186566168
2.04552994680803 7.2298645107082 197.469825669774 4.43412051497646 -2.31997449273899 4.37820690347427 7.01629068167747 -1.68763233658017 9.38606039233745 4.21428342505259
-0.0707552533503317 -0.238780611240575 198.733133620498 4.8355944523854 -1.41248881181865 4.86099395519155 11.5375358397532 1.47914510847371 9.61901333241028 1.72369880655947
0.600800487886309 0.00865306503738428 200.636085526274 3.37381691041378 1.64566121080401 5.4648462498641 9.56937837724845 0.379103940190975 11.51435246815 -1.72934791268097
0.355577470896514 0.00592817239761856 196.3833200057 3.79352025071592 -1.42403715124137 4.14958955880298 11.0996477883463 -0.139879078390467 10.1739900791648 -0.327029594408402
0.563300978266492 1.31642624522099 198.844946799089 6.11827418962997 -1.10390745334689 5.53395696025056 9.96166257183073 -0.310510544340663 11.1742992107831 0.442081710970936
-0.450149329685348 -0.208516821087888 200.37893752125 0.307815934793047 0.906657871040947 7.63918319874693 11.3291564571695 0.454655782157012 7.63676998188716 2.45788086078443
-0.790748412593722 0.00975237210330138 200.181290196956 4.22743332436606 -1.93753328856131 5.68750248787566 11.7431357456942 -0.37885775669497 7.73982145266993 2.23324789661984
2.66105507550271 0.666996857651478 200.488985538029 4.20568882316434 0.574485085095737 5.08017209754857 8.28674511230049 -1.1735054839299 9.64854301355558 -0.296492549059603
3.25903928143129 0.847433228787546 197.44349846921 4.90475565517848 -1.1770329223551 5.66411071362459 10.0966919824287 -2.29603567452314 7.21214090221035 -4.06502752775921
0.188286028794429 1.25395805562399 199.598970027367 3.7933490519391 -0.472318838002563 4.07623798480124 10.7329390310375 -2.20613539005463 5.95036842290447 -2.9192796382956
1.55442621594687 -0.261178984882085 197.317466606725 3.37894202854077 -0.0624888075426117 5.43469452177568 7.39243991129873 0.171420702822927 9.67123547993328 0.478299688046923
1.51565986526178 0.868801028367665 197.785096182066 3.90530341033709 -1.06844046138387 4.72949010640212 9.16380367503278 -3.09579300124392 7.80195956899935 0.584133471092024
-0.0587724346800279 -0.507050650851372 200.50489995856 1.78533444319008 1.12307995012071 5.12508845511454 7.29211159374059 -0.386070804587514 8.75035373775931 2.39933820771353
0.64642214620319 1.07510331294577 203.09303539719 2.06415300706643 1.69748962622846 5.83096493824321 11.0897257284451 -0.0414318715175474 8.38827275312642 0.63666082361387
3.40578258813858 1.25317158013595 199.765432722663 4.01127234050248 0.656082111460061 5.19892073996316 8.23703006618266 -1.64430406581463 10.9003662827323 -1.39660889952259
1.36493725922087 3.56504277008696 198.550114907561 4.2357388360177 -2.58101057935958 5.84081336417206 9.20013504182706 1.91036578872595 9.76692224881548 1.99129946152941
0.326980621748607 1.08911709065201 200.400552168164 2.11378284213336 -0.255317497466496 3.46268285518501 10.0971191387778 1.19395894188404 9.5216284982068 3.12456602346776
3.26969244446325 2.17589171714071 202.572308041411 5.31584802984778 0.561767557580497 5.19176534729922 7.92216888039077 2.94082234838743 9.6599047004484 4.40998674243803
-0.535214542442776 2.90542081780365 200.199939727057 4.93375471687632 3.33412773535117 4.13277636497968 12.1931010646129 2.73940728031003 10.936230785063 4.28341435682151
1.14462687687094 2.96921504776406 199.252516177019 1.78063223859271 -2.52798103055563 6.93340300336466 10.4873409105651 -1.79966817245395 11.166949979533 3.09157106014356
0.11675877966564 -0.971479224915998 200.28657692262 0.203850883609634 3.14232550222414 5.32732411852265 9.11802860996487 0.369392798155872 9.51218223215109 0.856341770188241
0.57209466607872 -1.1304518342868 202.354950095007 2.79245812339945 -0.547773860695727 5.15437489978641 13.4464561452103 1.86594213988 9.90167432685893 0.462154278764936
0.975455343343124 3.81414931239446 198.310980820066 2.63446323501867 1.12713955182708 2.68486060058886 7.75888649998857 -1.66049761557527 8.99294700754632 1.06340865735508
1.75510236766198 0.971624085322485 200.783182212139 4.55229960850544 -2.10204301541742 5.47835210548296 11.6147745698227 1.48684634521712 11.0714732742376 1.51611545625663
-0.468598322589268 -0.942801108569896 199.815923088633 1.41349885404215 2.84601831301531 2.62851277964176 10.5131383073181 0.0233496998858818 11.4670144755178 0.692817925950373
0.829055994615999 1.84375054008098 200.210010368529 5.57323616763197 4.34093537572029 6.07323430473438 8.32985096256798 0.436959907139104 7.0639567180978 1.37166943455498
2.91208657864763 -1.23215368643879 198.980421638855 1.41475546466782 -0.649121877642058 4.34642319640939 11.003177311493 2.6095145706746 7.56827988777997 0.386925839493005
-0.176008621830325 -1.35575696176111 198.391060441733 4.63244148814772 1.59896858963248 4.70172371736782 9.9108991996331 3.276087250928 11.3113874421454 -0.0729008187070506
-0.314931722070813 2.42880776423278 198.142072117399 3.24815250358358 -0.688346708811892 2.92568830115552 9.87902857835393 1.96044537894898 9.25638540998718 2.95772537940286
0.226710932505667 0.853667354984653 200.346314269071 3.49014977386904 1.19923781694366 5.65830482836596 8.87128223028951 -0.0290389191806641 8.12705188998528 2.12108215630355
-0.97370687195224 -0.797064001013951 200.230839674671 5.99899111808571 1.506704703739 6.53011690707025 12.7793881177922 4.3640847402826 6.98954275249442 1.22303478684665
1.00299223065648 1.97811086462976 201.327563351591 3.45238534052602 0.187511700859904 5.17601871746935 10.5541850858415 2.58204468361222 5.13318574174317 0.8276242800793
-0.314489530419682 1.02857274972149 201.423762455197 2.71212651873893 0.103132024313496 5.28700504945423 10.0336757221429 -1.25070127374789 7.41967666784598 -0.953295458714313
3.31814023374529 2.84308817885365 198.62458143469 3.63937171421595 -0.586937147741988 4.5137064548261 6.54622720809909 0.673683682112252 6.23170512594591 3.65986952713059
0.678038892431135 3.05534487607619 199.367625428616 2.62458178030957 -0.737157174457205 5.67161407533823 6.7277659226624 -1.18084021427263 7.61457598073145 3.29652644757011
0.717505981014212 1.35533301615783 198.069039753585 2.50448457867292 -2.54292705441086 4.09436096744805 9.29066623756241 1.21326918356893 7.65700671395033 0.550629519403557
0.20649711661508 0.458804704375523 200.786428962155 3.4131833317093 1.76898007719872 5.01393837271441 10.4017024611448 1.01431515064899 7.50585446415509 -2.81743057361857
0.809123315217501 2.10007705382761 201.492449274015 0.999774433692655 2.36300555791085 4.83477234971342 8.72798753700743 -1.22536051168683 7.22937249926298 1.41870208674528
1.53622240545929 2.3126367150148 199.45382931613 1.55646285428045 2.69522152769356 4.84004208197361 9.12967396002572 0.281708232932355 8.41950391999738 3.60049349825471
1.2740139679344 1.10586354755207 199.154657030362 4.08726996582238 0.530895358016543 5.34493146388235 8.79442584733973 1.1331167791477 9.4371597513268 1.64719963354481
-1.01545491897341 4.40631567526103 199.774927643463 2.62255194204157 0.139342099937081 3.90906298741702 8.08007306282019 -0.0801553722877876 10.045368731977 4.0564445001488
0.408309815028525 0.671461095627029 200.598704506037 0.790477847063423 3.53875795314101 6.8987911973149 8.48933234291506 0.134657445761109 9.19027422744476 2.77659661247728
-0.794231021223219 -0.300802696824371 200.272107262669 1.03495475322101 3.79882858813834 5.08590813644474 7.23220803060297 1.39594109056958 11.8121068007248 0.69606457832714
2.76925289934127 0.491970002708432 199.619397996799 3.01293005659934 -1.35168571970495 4.95348298263136 11.1886889993989 -0.463528458971539 11.0650746425079 -0.337813895617611
1.01053777682968 0.468511476250227 201.055443476756 0.723038800430364 0.683293036638899 4.91324655793966 12.4369655204527 -2.10311483248214 8.46907729657048 1.09686615031357
-3.57445459069312 1.06438304578575 200.36357609184 2.35496888422544 -2.27890071118817 5.22944282833263 10.5107919030221 -0.0376267955423657 9.33118279925572 2.72324242449109
-0.116284419089546 -1.80191962811853 200.927248638585 3.53936907256718 0.220213978535886 7.38652890741401 11.0484375527418 3.03285780947639 13.7192350415163 0.507540966164907
-2.12493372327002 1.31151618588199 199.919617952679 3.91028028806238 -0.031437548592114 5.05580824128233 11.1958683175657 -0.63230053482351 7.96999880562851 2.80239192057881
-1.10181645729433 0.947710881435843 198.256331466562 2.69865128700166 0.202325086161817 2.33332907586163 9.31528499617185 -0.728202248833919 9.17023056209455 -1.41373457126157
1.12494270935172 -1.41880566691301 200.936163013213 -1.24641218326996 3.55759952556995 7.12839209049879 11.1921734544932 0.781463581641676 7.7015180997549 -1.93829023194913
-0.0787702953128748 1.04127144277134 199.934038660456 3.29350977554808 2.39303400428148 4.68969090479261 8.38775293768285 0.516253729996732 9.65944636574415 -0.668179664630287
3.81632884340381 2.95006182261965 199.507369906956 4.41510011046075 1.33868945958887 6.52946867130562 8.4913187851198 1.63757930275261 8.70991532309211 1.16247012927153
-0.0568742422666195 2.1748555533316 200.54755119353 5.15580348736439 -4.24030521070863 7.39099904213083 8.38469205072021 -0.70788568090449 9.18278316989658 3.35450792159392
0.24409626555183 1.86335238984372 201.776621627359 5.31003209350688 0.152108731500268 7.5764566531812 11.1660424427264 3.84567502409196 9.44825606113835 1.69474510452981
1.19165492863993 1.4986503640095 202.947827766553 1.10478926580319 -0.440436575757745 5.87248193593178 7.21447723251511 -1.52268221368276 9.16782952453267 0.0397745725790142
0.982046732937013 -0.280023033454303 198.80314992222 2.56791859962223 -0.67622341908189 5.07370845631872 10.4446275045702 1.60387896228177 9.97672695419552 1.77997736012004
1.0864871118017 2.18859594830171 200.808099818193 1.03888982754989 -0.27785283376997 5.00767650150748 10.5005804956202 -2.71327632339421 9.89572484284074 1.31882635792273
0.773751066778664 -0.0539130238047414 199.540079166933 -0.333877523487224 2.66480762799787 5.22411327272819 11.304741016248 1.45638689188499 8.68855297576704 -0.172504352084476
-0.181290898799556 1.05494222780686 198.499763297432 2.72246422679274 1.76099125387907 2.84200146574991 10.4770665788688 3.34454870383362 9.20459558832779 -0.0728443815105388
1.08415069772781 1.19270260333241 198.475764700721 5.03490293478586 -1.64994834445089 4.53957738854046 10.2761591944985 4.37435198356246 10.749158977 1.41072410212539
2.56967659452282 -0.369823969890651 198.933604088622 1.05353575421479 2.78261674100381 2.43471394490781 9.21993898515416 0.0315274048769677 7.56326132242465 0.834516565406276
-0.0965057095884481 0.0309363354896612 201.336934914269 1.77968608710519 0.10414911759755 5.37618322039877 8.70817370811051 0.802108939813051 10.0538919667558 2.73714930465779
0.956776347851313 -1.39365153169028 201.290972503497 4.46320090319981 -0.0389620926272351 6.5755851226062 9.7144330900611 2.62794883240997 11.0551365667737 2.1121353192129
-2.14427513949761 0.551908609610016 199.982318639406 5.25691667215485 -1.3068893153921 5.274180320888 8.95699716915158 -0.0081183180277862 7.81189640376318 -1.08766641637082
-1.09446864727974 1.27137897383107 200.316438391781 2.91651664687805 0.634779751330232 6.02868731394949 11.320692815411 -0.389796349012893 6.97108210708601 -0.0693551679779731
-1.18496619695542 2.62479541819015 201.862596075951 3.20165446306107 -1.06248826476689 3.07205709697228 8.479276410286 -0.505426444620618 9.44909151650308 3.30932330623546
-0.893319241848039 0.589398781718596 199.486693798332 0.0027460908747976 -0.00528852660564823 5.40283016505345 11.1352554888467 -0.117191890293539 11.757118160872 -0.0907192293663266
-0.701167401240244 1.89057266222158 200.153038105516 5.62841219820229 0.154147334814817 2.73708783014659 9.34757056454289 1.85910803554564 11.4373326523998 3.44488679408622
1.98918495485323 0.94087607961699 200.931372423375 0.980782598409244 1.90773043463501 4.79973513184611 9.98334017875388 1.58173830201679 7.93004666107656 1.79752798608769
0.17522964539531 1.83403870374293 201.071212345388 4.82291849019433 0.410809999769941 6.46965354256141 9.05760351378252 -1.27709855024584 9.63458655712284 -0.636536172194989
-0.725039980121087 -0.1086335588942 201.948487041998 1.98957558035878 3.73800923307773 2.22841582966024 8.9004118625111 0.5910121831416 9.3625324884865 -0.778952060487759
1.40903873047634 3.56140514858991 202.16572852166 7.07059269790291 -1.03432935287913 7.270695599688 9.63992410789452 -0.9009372015416 6.95286460383733 2.87398783962283
0.405622674969257 1.1482211185026 200.143027106423 0.285373794612657 -1.83480561396958 4.60519167299598 9.14714878904172 1.4421898859521 9.55711057025466 1.23510285312355
0.792002605165492 1.787785049365 201.422709543208 2.55866651781134 -2.48410433874887 5.58043952923174 8.47954930065599 0.792449574382727 9.06721765917888 3.71646388497266
2.98082321515706 1.79809103958676 196.919877389564 3.80651517401781 0.495527412623927 3.71065770295745 9.09689056617006 -1.50032126217747 9.92749300163761 0.752745928731323
-0.961812747448259 3.1458173466866 198.690588424592 2.27515638382209 -0.879866373424164 6.60167231094281 10.8064181196135 0.257244477532848 9.04420084487685 0.462059250145289
0.349040860889153 0.664979427630775 197.646610195553 1.98641507532063 1.0768819370589 6.52502195921087 8.86359073362438 -0.134303823117644 9.67434758785712 2.54970564381738
4.15799630509274 -0.261692135348398 198.940111710117 2.13351051240032 -1.65768316071829 3.07715229970207 9.12371742857448 1.89290201524954 8.49705934284615 1.20151222230821
4.18814656465944 2.71724476578631 199.970404244099 -0.753738319953583 0.785543993711603 3.77883826364186 10.5557972875537 0.197310950096631 6.84793135558076 1.66447381979118
3.01106340635715 3.98900323202886 194.931560421257 2.62711128671215 0.524761598783986 3.7058669182083 9.24683326590386 -2.13047367243605 9.76838809002705 0.872318393430711
0.960548403340962 0.963155706186515 201.902974271915 2.32194353440333 0.158173275108799 5.66748328475736 9.25562600814191 0.562521530029821 12.1089216506207 3.6135020326991
0.365336853676403 0.221589527055185 202.064197140576 4.9266942882092 -0.588734622113443 3.87234947853739 10.9732802921436 0.869656137100415 10.6983940391492 -1.06668067419494
0.281718453799903 0.647977109067527 198.506229645813 3.26636401837122 -1.96573127825077 2.45477524236878 11.6336968326206 1.5908974683381 11.3940912279972 0.888697622863396
1.04341637397302 1.66313180712055 199.768238857572 2.0058296836041 -0.865381402806097 5.87565514654596 7.67853980889625 -0.79946022149945 8.54442472145305 0.420616163768501
3.33708060293423 2.76060250723051 201.753685308934 3.8230598793063 0.952566548584252 5.80848304629873 10.114246294654 1.97392138187002 11.1536668028172 0.904630018691017
2.35743723195585 -0.422273497793058 199.282792122877 2.55747748018968 -0.743738108732377 4.62163323539812 6.95797014705871 -1.14375654973799 5.91702036149255 2.85106117873931
-1.26951697577694 0.145944567733437 197.980522557373 1.64297974137204 1.79583582093775 4.36058362606302 10.0756372370939 -1.48335787572759 9.59993599481051 1.07884068332925
-1.53332784819641 -1.24169698151193 195.417843150012 3.13179570795608 -1.40191268414973 4.8442441376849 10.1989147658834 3.17920673541861 7.70247554842643 0.398066695789403
1.32619565294955 1.65147155001831 203.113505156904 1.65397165737136 -1.20680536321783 4.81526396344457 10.2849403436615 -0.730504385291738 9.8834497146942 2.06084378463536
-1.44378688092928 2.37825431013339 202.586151514649 3.89455377298447 1.12959995669004 5.47840502347217 8.07998253989859 0.160108662141364 8.92720253104132 0.523049150151334
2.45500986905221 1.6454936326643 197.657269348197 5.42287883443231 -0.449183279623343 3.69027230800381 9.46864897828597 0.688896055222664 8.66710716554802 0.938933148369793
2.38862402660271 3.77766304705606 197.281001630172 6.90927021007961 -1.47966151571868 3.08651796740525 9.3313950646626 0.831311854410215 10.5481065156098 1.90348432585431
2.45150580312477 1.17587015679796 197.93300116194 4.04476329214446 -0.057972964369003 5.73013075558169 9.88050632027147 1.62773441854742 9.58376838700235 1.4255145159071
2.75145349095842 0.589686840629701 202.746299283219 2.97362869232741 1.94858807338649 3.87809527123813 11.7195893293151 0.030976816617958 7.99016936210728 -1.78388879035511
1.1889948772571 0.871344598604962 201.543382157708 -1.49365879034037 2.26558930644809 6.31325374294925 11.8934123556034 2.67570681123597 7.60812412725577 -1.7609671924682
1.7638552166967 1.10692398079064 199.573573372287 2.96827369430347 1.52908848460633 6.26059776412452 9.49890105535389 2.46725972851996 10.1277458114848 3.50479599015976
2.0761722069364 1.94135246161163 201.108418704046 1.1030802670391 1.67138685055997 3.94135727412895 6.5205892093749 0.943497535283768 10.3802666901963 0.466961647425052
4.41700058314257 0.253178941429157 197.741238865495 3.98374376777562 -0.838290593342282 3.32403494625283 9.1979202686346 1.37615794591557 7.37297992316548 1.16701432813738
3.01909004350701 2.47017182693443 200.51803774102 0.750130902195527 3.15828955184853 3.21537137531065 10.0531171788088 0.9299970037545 11.2750753624791 1.76658964119892
-0.607630748795807 2.49317498098868 198.884433176693 4.34897731622171 3.35672939380603 3.60527088755794 8.9852763441937 2.96243996341878 8.8698253987122 3.3018333833449
-3.01931799364567 1.00275331123231 200.19913367681 1.08086597836023 1.46084089089166 2.98921645306932 10.2087216632332 1.0207598276547 11.3442730053137 5.04151264495893
1.77356962637819 1.77986084780002 201.69461677585 2.2612850174472 1.91711783255271 4.02439235325352 7.53674165948866 0.552379383977431 8.19189030404225 2.39491783124037
-1.52301299565068 -0.135079437431798 202.567587300409 1.21497632194814 2.02028426669146 4.23531048279224 10.8843110184258 -1.65950097265757 10.3417273100208 3.46452899798496
2.41611655436971 3.62365118390532 200.060151184431 4.92840797065319 -0.909966025904504 4.76862514725892 8.45442640866678 -0.980318486632086 10.6396621221443 2.25355412889368
-1.49633000229108 0.482963682241692 198.434912607972 4.61917633184017 -1.86287832240891 6.72221944734807 9.52551474601601 1.88445397372357 10.9506746429861 1.26849655389137
-0.69699353095726 1.26390377973319 198.330775261474 2.90968758945714 -0.532843841870149 6.04804216503022 9.3469902160188 1.09740474628669 9.56021441109499 0.701654965332066
0.0116604580888262 1.56796616633694 200.577591217736 2.2220488799185 0.085166076792078 3.5659285070526 9.604615171492 -0.847982740989617 9.19290280029064 0.0251386247078385
0.277628205189734 1.02544877147612 200.71843668939 2.32097350615109 -1.32307615443394 6.96161678760983 9.87834200686866 0.393502905882232 7.22626273984473 3.30358889718216
-0.301094885156691 -0.0926603876180052 198.191159153342 7.04179863926138 -1.42322392325364 5.13352606986469 8.80361777730472 -1.20331180364986 7.33605167614844 0.433481621181971
0.588809365077476 3.06276463382565 203.582857263574 4.81053340501158 1.05180767851124 5.11253704634098 9.83846472676508 0.39397565738138 7.08885675762197 1.00126119143845
-2.42186749308389 -1.66301731882684 199.973140177269 3.14946191702222 -0.725215951645 5.22504110845173 9.07925242531703 -0.0376356024429914 9.20758505458527 1.99489573810974
0.930396308027439 2.01767618962816 199.396503727718 4.02646732432679 0.511008935835489 3.17976985768237 8.33579862539418 1.8691011412597 8.58406376064164 3.25081412074254
-1.20787718060638 0.412735662361413 199.810889740139 1.0168216508395 0.919319648978769 3.12332321707055 9.83720213315826 -0.541409392397225 5.77493507086755 -0.114278752045973
-1.31674220155879 2.7156594812648 199.186217719177 2.83154825739187 -0.165203563753557 4.36211460774525 8.19186265422577 1.85582772128724 10.1051269923082 2.80022604775843
-2.33148185300869 1.36534763535863 201.005614015587 4.55269049387501 0.355456565915107 4.75240325916118 11.2035118542571 0.484153269151196 7.35908223898685 2.31569244686472
-0.134732302612245 1.60282634094412 203.386030494621 3.0961820416197 2.14640625811718 7.25853713080604 11.0101241396493 0.12896193672102 10.5459593045476 2.55472660063747
2.33849435216205 3.7475150664539 200.073360712115 3.96772638365523 -2.75908727372518 3.82780738378218 9.52921246132435 2.66787962850371 7.87496002102782 0.671005723557513
-2.12858992351457 2.17818592401783 200.367833723142 0.949497192427379 5.07263517371622 4.99026347668291 10.6047780341082 -0.465391225688843 6.57017368737444 1.30769985530891
3.45955631475984 1.28110583316936 197.44424277111 1.2174445629496 -0.776030329527148 6.09956954510228 7.93570689767906 -1.9453340767364 10.5417988674402 1.35762446019099
1.84106660345141 2.72732281790591 197.416569974891 3.45365399806221 0.310035984710747 4.38607293730734 10.4939746513404 1.77870257082688 7.8566231314774 -0.206934648327048
0.241642612494308 -0.0817754674040878 200.234445011523 0.324338254720085 -2.92029797349059 4.51521594904761 8.0811630067785 -0.00960171065826251 12.7503405021825 1.48651468569264
1.67641563874979 0.602978834428398 200.90851988289 -0.890547060612351 0.698531696712984 2.64424819796694 10.5703514893415 -2.02131118874539 6.90029093410224 3.43736223054867
2.19683386981304 0.118900664448627 199.595245316977 1.73926759999098 1.67218032710492 4.86418826327349 9.00626885196082 0.682412342153875 8.06290854487873 2.12117926549901
3.55087930424891 -2.70926060721321 200.798772215517 2.72456481977749 1.88689628918343 3.43921942109466 11.0702261361084 0.0852942760270638 10.3788427603839 -1.32416714322836
-1.63261224522856 0.573549236523117 199.557153467509 1.91263043249502 0.757731185132808 3.03446198232719 10.7816159800733 -0.701416541244097 11.6240600782756 3.06620305707016
-0.255190017087004 2.08979085407069 201.377254255776 2.38487976569398 4.39473967751794 4.17613383072688 9.28366048185074 0.573496453007052 9.24043387508235 0.102730339878353
-0.0437629736674806 -0.924412454180684 201.173503966416 4.42952364610778 -1.07637671102431 7.35711761409536 10.9374103560895 0.938126427864752 10.8074521273164 -1.09037222551392
3.5953411697928 0.751778650078756 200.077026639472 4.41896523347692 -5.19772475918266 6.50648272081979 12.0804203473766 -0.0516803680784831 12.6371486170259 -1.70162317518301
3.1697309145838 1.63180080891267 200.967799157399 3.53493553374719 0.864670747289183 5.45091064749022 11.4061552415969 -0.87673666853573 10.0518932758758 1.80820776812012
0.67856703226371 -2.10019280064165 198.491026458828 0.858152489879405 -1.99865076434194 7.63027745391563 11.2959791398604 -1.5773783864549 7.84995850796818 1.93474892685903
0.983540189549023 1.74124394026714 199.239297406819 1.61425274620234 0.919166639700202 4.03440275594064 9.36973062754965 -0.725418285227409 8.61898801655668 1.17093953646851
3.7352800453356 1.55596159971154 199.434237248162 3.44276293552691 -0.970309151277054 4.8914901487391 12.1454110760046 -0.182122745437333 6.50415175811127 1.45596848223587
4.27494090369959 1.07415483534445 201.557947619569 0.985097130473958 -0.561875845776248 7.81602398669988 12.129336217305 -0.184266996555451 8.55321638249484 -0.234303496992434
1.57588394662534 1.47854014371508 198.852386868992 6.81873174507002 -0.460683144603009 4.61128385301124 11.5544856077517 0.884858247119617 9.8183989771938 -0.259440737012502
0.304981902567771 0.712863768435642 199.542172471627 4.15258906529435 2.65078885236304 2.88776447628702 9.18420016895066 1.65630998764821 9.72816174753102 1.87363090791884
-1.90878812361248 2.02502872927511 199.827862213693 4.51801048300921 -1.07381542273678 7.02610228856249 8.84717685730566 -0.777406939987741 8.70742146241125 1.97032948938769
1.35896258670335 0.231436719397147 199.549830952325 1.22930813746465 2.43036309813777 5.00349805483533 7.19880568876978 -0.444565073478233 8.43210464593408 -0.329606329693837
-1.61576113684884 -0.0234782211380438 200.187069860905 3.27193634551624 0.598300896626847 3.63294322021644 10.9748179841014 -1.01926473313672 6.53330358038357 1.13394361532394
2.20865681165558 1.34682708860002 199.806610051064 2.43228556334551 -0.411745354386273 4.20703761145878 9.96094285553446 -1.88288656445528 8.96122376086432 3.34418962589918
-3.15290052800254 1.51621553906563 199.031176298468 4.86235214717986 0.745637946040649 2.63650779779994 11.1004178189233 -0.930918429385449 6.55945471633515 -0.775048628490093
-1.21535190096083 0.474788407546274 198.7532461769 1.23043562658756 1.12630357492023 4.78821477222781 9.75158117167886 1.04686528443166 7.97874039307937 1.929927853518
1.32933128297589 -0.677902184144504 199.102163221564 3.09869387681177 1.51017422532904 6.30799624966645 9.56985222085475 1.08563313778836 6.3028834940053 2.00937350393068
0.839561686853099 2.84493057362816 199.159658460848 2.30147685960253 -0.487386121322193 2.3453929732949 9.82563431392289 0.55023943313126 6.96722090914561 0.348569561373659
-1.98811293247683 0.0196239654133364 201.318931636339 0.651595620805435 1.8223359839847 4.96921731306923 9.61257030590228 0.600017280399742 11.5328973547118 1.10227692015452
1.19178577554376 1.32621049252686 198.206433570956 3.75599880647076 -0.648884238270146 6.6260538526498 10.074557216979 0.907077914756446 11.0190574520788 1.62547785922674
0.0380558249194285 1.08683255895043 199.66480945816 3.18035528328789 2.25076836746477 6.41491486458185 10.1327044269743 1.96747445671988 11.0977053502514 2.00625615074931
-0.874425033188782 0.805360204360155 200.594744234186 2.53155644697052 4.17370089325251 4.22578466017903 11.6413095246006 4.54082940293884 9.34984200741033 2.20097622189185
0.39544226738779 -0.258188016323239 201.316982893993 3.59294024541725 -0.3373887316705 5.07889646477883 10.4098698570538 2.15104262866214 10.6509326288071 0.756243005439585
-0.266460338443942 3.41242677102833 200.084443093148 1.08444613681959 3.61755691921229 5.38809447649902 9.97516130164629 0.0548260988134076 9.0446054701029 -0.316268224471944
0.822126813879534 2.07657773599384 198.786606297647 0.626118051153862 0.226699597545597 5.32308407676727 11.7295270041404 -0.631918410957593 8.33243964652178 2.04915599989942
-0.162556681767461 4.3399984947885 198.000233692605 2.90916658131552 -1.56877491323057 5.02455455859405 7.05416705414682 1.44145088613057 12.3029812011048 4.5472393102603
1.05810371071051 2.7842301384728 200.953392507207 3.86981159050316 1.60599650625178 5.35441851691244 9.05371220314566 2.1929945341458 9.31024546370216 3.90998630008804
0.664532781882542 2.19799463322005 201.002102481856 3.64552289162706 0.463939073369545 4.04473175527088 10.8421032248892 1.44290780079035 6.72020862277027 -1.02947665110465
0.937478888410557 -0.0169268614852931 200.816155890832 3.27787328625302 0.367481989560752 5.58180360168366 10.5231056705507 0.813752704682975 11.1241366519584 1.4839688544593
-1.95774020367768 -0.668002979706725 200.804609550953 4.5091070623956 1.54677725118871 3.93732138217642 9.42250856711011 0.0138462833998668 10.2620199381723 -1.09496227969779
2.34333986257889 2.47429422450649 199.08226494698 4.17248408079209 0.165379020299479 3.49129185418269 11.2440023122073 2.18383600907322 9.12756458400124 -1.36112123825776
-0.819619502512064 3.87971796949895 198.921587177408 4.26249949031221 -2.52434201050063 5.08393887749749 9.0532671868163 0.365292493725963 8.79874526920336 1.21379811283031
-1.25598958274439 -0.103911036947347 201.198939773978 2.88073150634815 2.84865490690794 6.83940508468348 7.88761842844519 1.56730407244443 11.5952335712502 0.21432122247808
2.27590380070025 0.220172807009983 199.787006292645 5.33292361769345 -0.477032184972003 5.27305655906151 7.83854358746154 -1.47663028444831 8.96259749348979 -0.143384703491032
2.9978788304152 2.74116834844343 202.550397884237 5.42396348182725 -0.980174568968625 4.95473682493827 10.9023986796172 2.71869910614305 8.96410363038939 1.97714490013511
-1.23949875587508 -0.138720614085122 196.203214894591 3.56320470054248 -2.66995999589117 4.32549244428521 10.0353869071009 -1.02695311238163 6.58749325905102 0.652654731944688
0.814324099118239 1.25941467721237 199.025445434015 0.456722969511204 0.23545345537753 5.23210658132621 7.93597914170859 -1.29354577150303 8.0118926728279 0.0492719752183988
0.647120203637882 1.871751071691 199.340494277433 3.02299575925157 -0.982111638368148 4.49258280485698 10.7212134798075 1.40978347614086 7.13458726392395 -0.386334185371233
-2.26582883416086 1.5107904868541 202.325661814554 2.30744871070095 2.73945451647797 3.32161948891855 10.8712701103835 0.818065300296459 8.73361669768181 1.52767768076442
-1.87596049048214 0.98762543947501 198.723616834199 3.63753973032847 -2.40060467432605 5.76035045771 10.3397496794137 -0.111069947102937 7.66763606022724 -0.977995013040376
0.437553522231922 0.436668027014511 203.54649402261 4.17913382325317 -0.699200614736485 5.53328254346722 10.4393762761144 3.19674009345676 8.39152550664811 2.44899785245136
-0.750947664038367 2.01202770742431 197.400502003196 0.95252871527167 -0.777437779002669 4.56950994263064 7.59375743484753 -0.843177715489997 10.3284918632877 2.81845580685226
0.750307893092401 -1.34789870470973 199.139322698996 0.503396246272012 1.71034561311308 3.98275592509975 9.44200979322322 1.86365487652043 9.52231216454286 0.10759372764803
-0.744465718659842 1.38884172291096 201.973158641873 1.98606516869827 -1.06695074876309 4.64909202684481 9.37027177520025 -1.98539774603827 9.70395084337789 3.04401332995733
-2.93782397012168 0.938176745782309 200.464338964518 0.129126099414918 2.38113543484945 3.17714261684899 9.5168655138091 2.13932413872427 6.39144795232485 0.225469307447488
0.201011909761414 1.527464471271 200.957646161622 3.39545390221908 0.622693316371286 5.74199530136493 9.45338194127158 1.94597311967693 7.91185878123731 0.809625935732377
1.19072733849339 0.0307945009741415 199.511792969947 2.47305506862519 0.15671228850138 4.71869598399495 11.1453663664529 1.01848392658186 8.67865144283977 0.72322328537706
-0.616599133846389 3.69834688090536 199.18651031634 5.8884912957128 -0.697750403245804 5.60247046773774 8.73035174731163 1.76311721311646 9.73626277325667 1.78041483073898
-0.702162427467057 2.48822293106222 200.325446703519 2.94705661794142 0.987223761522899 4.66584643996453 10.224019479774 -0.149125993151906 6.61809264717986 1.87431981504642
-1.43894746349961 1.11081612003091 198.707326477562 2.76856391161516 -1.65554954368801 5.09714799647914 9.14271581193739 3.37726522420378 7.71965809185619 -2.44678033227564
2.6961928357811 0.0621523057866749 200.764669888822 3.00515146879708 -1.25586915166544 5.42377148902932 9.98844390066199 1.88573336772279 9.86654920697591 1.36516877805399
-2.35753522505674 1.4007636325649 202.437138206631 3.40181695072962 -2.31875693465842 5.00842123810319 11.3689561913483 0.086143600093922 12.7619476469887 0.875470705653174
-1.0762168695934 0.454160890947695 197.327619157512 4.55705514429193 0.0796336943036281 6.53586545674301 9.4263013854051 4.08403778883997 8.18557296832937 0.103180649158271
-1.37840819666645 1.13383833977535 202.759076692775 4.78708337130314 -0.0842282446478871 6.86086813601623 11.3289833560319 1.25143706862744 9.87185608965821 0.954684300064484
2.99915705205243 -0.402844977096028 200.326957897509 1.17746936940883 1.54486301160874 3.33665201954751 10.519669344251 1.94329785242183 7.06049561968916 0.284037175667835
0.704602260230904 1.94211749424175 199.422153739959 5.23168645736384 -1.70053718093537 7.50972139896256 9.21053317073919 2.16211979513464 9.50782185484826 1.46541394287206
0.919895681853445 1.00417314571943 199.93948857653 1.43166940583171 0.473123232438676 6.96915752917818 12.7732187172525 0.898459092602789 8.99979183834116 -1.65838486883108
-0.256010135630486 2.09926296867341 198.723280914017 0.78149221914816 0.380510567056827 4.86696701024452 6.13116891904827 0.617428144258018 10.5605179856308 2.46338980397101
0.145333564047414 1.30760682350439 201.380123855122 1.08579386358543 2.19660491152528 6.96154817887198 11.0970885727314 1.29681624887409 8.48380730099363 0.996092218010784
-0.319653480967578 -0.61213764530928 201.992825517092 0.916597553537629 3.93650436766186 5.4647502100301 10.6592105555221 -1.59636277329747 6.82270130824698 1.0675577329467
2.93170772738141 1.63655243230686 204.190189833939 0.359720856893341 2.54145345123432 5.60616887666795 8.49979624901921 -4.45751105953327 8.87637674464424 3.72473192220968
-0.0690540480246715 -0.254064781179158 200.040852785272 3.83830365145196 0.404072748981266 6.23366283372524 10.5560279916418 0.035411768255145 9.34363176184428 -1.08838401433472
-0.385826807391529 4.3247522444218 200.047551108693 1.96431907269757 0.128716137599218 6.88419092132621 8.61707236173648 3.40772614749576 9.8690445355221 3.13695044837806
1.29701612824823 1.79196246071387 198.740678074476 1.78213480554783 -3.04075824590837 6.00317494344658 6.30091137152684 -1.05575456819167 10.8756360687664 3.50507779691653
2.30310069961981 1.84146387032621 199.709021109033 0.469117742533321 0.213049109973085 7.17419422533491 7.75371104814591 0.872387642534657 11.6887704282495 0.591812283832484
1.06653972233284 -1.77894013071527 201.653373309922 4.2036993837737 1.16406920018163 6.79894856608458 10.6460690007685 -0.315860608795973 9.24883068159166 -0.771789316930831
2.48320286929058 0.268953676987609 200.364603913559 5.36910562777016 0.296975872223793 3.09196804595082 12.0913354375511 1.37327602493045 9.73993437124114 -0.583031235415475
-0.773098988276613 0.293775767723619 202.081389556105 2.57974561967188 -0.480357323178991 7.09253785199213 11.2315223447877 1.87320099053382 8.43788561795252 2.63609078888681
-2.65621343815987 2.48199219875602 201.293127227226 2.50175254911648 1.84229565434877 5.3693687538369 8.51197741874147 0.989730103822805 10.3619001206347 3.66906340523458
2.23440313256968 -0.665580428799622 202.162746369086 1.3080549485245 0.540926441159013 5.05284906457003 9.313965400756 -2.85694106585598 7.54227976709752 -1.05285904620653
-0.0273455528297006 2.83291532685659 200.361551150222 4.80807337739869 -1.26592397506019 2.31005246323181 7.92403390169784 -0.336654461977991 8.84446205539107 1.10802547340939
-0.838753197524224 1.70740814862977 199.785228936338 2.97309225552514 0.518669082572206 3.69872890744398 9.11795189275153 -1.27627297225957 8.99440122946116 1.48464242936276
-1.94622324244248 0.457656653615649 197.000123728235 4.27813305027775 -1.13954973417725 3.89763083805546 10.9537644233146 0.510422774280306 7.83223806751652 -0.208776943775456
-1.62846165430875 0.638627971741573 199.617606421028 3.25382278281208 0.487151768374529 4.66001127049875 9.07623465666846 4.27086912895824 10.3238621368262 2.53855487112039
-0.149248966560643 0.409180922433563 199.989420843886 4.03996521858919 -1.11643357435229 7.95794734725919 8.3739520946371 -2.53097805585007 10.2939297336693 -0.742384735893481
1.87828994227099 0.245528558093096 200.348065911281 1.92065269304823 0.965903684023834 3.55609132112011 11.1469190554057 1.26991805609257 9.04341497177439 -1.0649728299502
-1.54384636990447 2.44698792132011 200.768895785911 4.67560018640961 -0.581588237459407 6.68655589170374 8.76536545478549 0.0774171598110707 9.11220513667794 1.51379384051694
3.130246477079 0.137548515742984 200.729763426286 2.28948963855197 0.716217379829836 3.65223151040699 11.3422168882378 0.606960530382561 8.10196070831118 1.54870475116161
-0.73552184007932 0.000792006060419626 201.335555555504 0.628991907005723 -0.271720601538762 5.83658350990891 9.30620298543616 1.40209679703787 8.32792008750823 -0.0244187527855602
-1.12829955330024 3.45308177052841 199.760983652838 4.58551717295424 1.49820167025361 4.16117329289233 10.7218624472467 0.226332439132991 9.37678970295864 1.45252451845548
-0.544186282558098 2.76734797745959 197.570953811434 2.4527228965567 -0.367793389695761 3.27965856811679 7.86215027231476 0.293711992501414 9.87094327818173 1.36894078405624
-0.404283058722587 2.84603582442048 198.520553930146 3.36913179109308 -0.857567402656003 3.7587986726398 10.7771757646683 0.894875070288039 8.55465076024008 2.6133573343656
2.82373895373807 -0.325623304836888 199.298643306997 6.4634815143738 1.15327799970379 5.67748052027414 9.53694961110114 0.741004651907354 7.85041997728713 1.45819432177164
1.67103382314253 0.981778919896284 196.111242903571 4.67090255947457 -0.824470345639721 3.09368722961688 9.01497543618934 -0.167381883996616 8.8382405898802 1.76684645509764
3.30293774567482 0.1553742798034 198.94749992764 2.46030778615088 -0.359954103490217 4.30858907212405 9.51744229196085 -0.147987013858243 10.2171604149099 0.0779694796682866
-0.289431542767297 2.49982103921271 201.323634114465 3.8132050440324 -0.199839419779553 4.56963267209518 11.3735706690595 -0.168532282046177 9.23043451486119 2.84053765664179
0.788112393075809 -0.511450353019109 202.248645056142 3.13629959377321 -0.121725186065527 4.81480072933567 8.72909354042561 -2.18114464663295 11.8051623069166 -0.689511067495802
0.408192212999327 0.536200176934042 200.106657668985 4.9244848197637 0.126939344398363 3.12773277861718 9.52578673899954 -0.950128014359302 11.1046291665569 -4.50120421140947
0.907793811183508 1.03734260465883 198.591143697549 0.977513203796139 -2.04813724656917 7.42560943754303 9.29582545582468 -0.254289009282026 9.24502542634295 4.84393297171255
-0.943268999436832 0.346847180723377 201.487092978014 0.376952181573671 0.292138899427644 5.60850476157814 10.1626098620459 -0.907557598926741 10.8548388263672 -2.76996120104444
1.14340041371885 -0.673518795691352 200.254369226983 0.645404056519867 -0.740632565275049 4.70127964820777 8.34093447335833 1.11063334842596 11.3248865406552 1.97058502097174
-1.35059423676754 -2.38448273456388 200.51060412428 2.56271973607571 3.87458741037677 4.78885663868996 8.5173234392071 1.5326982541565 9.94599354439328 0.586424813842187
2.0184169194695 0.58264268301279 198.270248838191 3.35450951251863 1.31394807344695 1.66882973058071 10.1076334885946 1.69091025305296 10.3211438659574 1.10862449302032
1.34457841975471 1.8555213351296 200.066101639967 4.35664362808349 -0.911857519725806 6.17202935821655 10.306559603978 1.81169347669826 8.0625184560387 -0.0317882656122743
-1.12145956408606 1.64171469425965 199.957612901347 2.86539286794797 -1.86843798763582 5.49539122614041 10.8562664609168 -1.40421459562376 7.94683614775742 2.51282430417165
2.75158356206926 1.51420973708886 199.126556903886 6.30415629704653 -0.342976892273457 7.38117819040371 10.1760603933109 4.04144251161526 5.72231593506727 -0.0634787135029695
-0.734975349546478 2.16492257567394 199.18089334476 2.94217093858585 -3.29408698380736 5.7002829282092 10.4054355633599 0.84334875491074 7.87377279377744 2.83459678486817
2.11879537852805 -0.421305077032905 199.532546585771 5.31218511672648 -3.26080174361235 6.91008317293828 10.9739632854558 -2.65028638224746 7.56121900807098 0.523411803247834
1.80901638960866 1.12837519380661 199.404228295504 3.09725758598454 -1.23695202862702 4.803844898875 10.9119582430725 0.77588058144978 7.24774237567815 -0.638551544317175
-1.43524029092405 -0.913648754824801 200.014046358076 4.60352912869645 -0.299963734467307 5.2523801519231 9.28608715058174 0.867387704821598 7.34863493248662 0.804433370389134
0.727517130540447 2.60356706305826 200.093928130217 2.51348620354071 -0.284264218261544 3.87532834386972 8.18724736198173 -0.819221571293549 8.15437694913195 1.47118142338216
-2.73338439533847 0.141811255792776 202.163859123743 4.95559258203497 -0.381273922782622 5.6250986973522 10.364349263279 -0.556605352174416 7.4634591439788 0.666672580625808
2.89315480020698 1.25171733567598 196.793150757848 3.1211050531635 0.184136675455831 4.25486979733961 10.3394292518578 1.27376255227058 5.7290628389917 1.41829820953928
1.18369406539029 1.23319642780105 197.286325759562 5.29108377009415 0.0205023699006049 2.38125829372752 11.4975524556701 3.18330654237009 8.05328323565529 -0.349233834729287
0.00372701213853932 3.78546688929661 202.356734031447 1.37113077852796 -3.12515213022631 7.82325736021122 9.32333444169901 0.354113292634532 8.69542907085352 3.70019448172498
0.562606201096835 -0.375097481727803 199.462269128693 2.14473291096372 1.97024109812411 5.57754808014155 9.64393518889589 0.970437632535528 6.34097010831039 0.279966890484544
3.60275880047412 -0.582183546555266 201.116626708861 0.972330725167799 -0.220553021208459 7.19594467776768 11.878138594285 -0.312655774783469 9.80905733586668 0.136453221673991
5.02221000669364 -2.91531029775493 199.40126987873 2.14724304286104 1.65576767378112 5.70448534169988 9.55355398878015 1.5443627496368 7.51480688428438 1.47150688458236
3.20351852915359 3.67618995680646 200.688331641807 -1.16770495728221 2.16466944359048 5.52899743877868 8.16786090059479 -0.272349527904945 8.71932376110166 2.08831718153031
0.956377752459491 3.63039462634483 200.805691725283 -0.608817022440433 -2.44186037327575 5.66237312519996 9.51799649407382 -1.03379035604362 8.71867951380046 3.15643132425787
1.68507768260753 1.72592503812409 200.561951480853 2.19966811433654 2.22365196027652 3.68810929448926 10.3830394042993 -0.406533135816795 8.83574265281616 -0.437915537897207
1.26873698874194 -0.185508067377352 200.495705315997 5.88063765637175 0.650008336696189 4.44235314079398 10.4458669493208 -0.740764386835303 11.2252930081589 -2.40233584309977
1.99499387000186 -1.92361924471822 202.283826215626 0.607929176756856 -0.127239309147834 5.22549721872849 11.2331388044616 0.966546458539643 12.2306960174163 1.9270195864406
-1.2601564155992 0.453525075800095 201.914383180617 3.15047119114758 -1.90681047931521 6.96689515680443 10.0637211401801 1.37608158000955 8.86914507108821 -0.7950903399792
-1.02345245889246 -1.46906763788419 200.879642019581 0.472012724530365 3.81852832191228 3.13888720798584 10.796527728781 -0.878048623252269 9.55644392009489 -0.330485267019849
1.5515503916991 -0.886756483014279 200.376321167039 2.85928545973069 -2.74818738339318 6.1443463801938 10.3776381872653 0.211926090010784 9.22541195935612 0.519374832680355
2.08497719753487 -2.67627760190946 200.157276346101 -1.39872655890533 3.08735347451607 5.34084259033236 9.71584668954368 -0.50354209328715 11.4459471785108 1.2611551617153
-0.416205966996209 -0.536176200830607 202.378983348927 2.95541224015658 2.05279564042038 4.24557020554108 10.0756214362717 0.985014269126935 6.55673726194637 -1.03160435938574
-0.630816019306969 -0.291520142432611 200.922766639124 2.95306916551076 -0.117048370257853 4.33556305119767 10.454996151129 1.91219935875225 9.43282846713608 2.79318234280944
-0.590906737979777 0.864208142771316 200.241658385255 2.79244046246133 -3.13446791734505 6.85638159833508 9.70634736655659 -0.198833040434285 11.4448310779475 1.69563679356801
1.03689184280738 0.389753575216471 201.265404116556 5.20105481874343 -0.970442478033873 4.26642951405841 13.4621585191893 0.729016860609098 10.5864776644735 0.975902427571536
0.572159070366889 2.35346908368724 198.760405466329 3.5798350460307 -1.5190168269527 4.79237947908312 11.0405501357373 -0.954984971216971 7.12956476287976 -1.67884487077744
-2.16433894233729 0.0137029810311387 200.484747031206 1.44999644597654 2.33134560820574 4.25825390342398 8.18223925567048 -0.0447639577658087 9.36339287736211 0.19812785792192
1.2298046184632 1.11832398153764 200.392155240079 2.16387979323809 -1.94007566137685 6.23266811733597 8.22539021002739 -0.105408711733741 8.13907086925755 3.00420333284786
0.0878004390146624 0.119353383087667 201.902617233374 1.75211603624535 2.42869015124629 3.97979113557377 10.6306796417712 -2.5938100725038 6.84612964786264 -0.679849359216223
-1.03165193240197 -0.785434976951405 200.04263406742 1.02640143414415 1.100895976156 5.65350662820324 10.9231961134553 -2.76383799701543 9.41164598169967 1.61993873292217
1.79740026167341 1.89031249846782 202.085055379298 3.69122647854764 0.378565311268848 5.90345229425041 11.6666389442007 0.181973009635522 6.44471530759311 0.411763234471917
0.5536033734399 -0.938447295269633 203.582552904061 4.85703347047003 0.701602620117583 6.45293743867002 8.21734324040417 1.52224187702462 7.32249012092999 3.96798466152021
-2.47937182235173 2.34488293587139 199.879425680864 5.81086805037297 -0.932799690421896 4.6597205901269 11.1530084841521 -0.270566858412295 5.30513436570051 0.587970118395942
0.979543912140439 1.96810501179915 200.639772153109 5.49765500170696 0.23178941987933 3.42146697409199 10.1239199590644 -1.5411483312325 6.77827293420088 2.53092430627733
1.10128288974345 -0.563801392190406 200.978393980021 3.55406354686726 2.17454882317791 6.97085874490006 9.51839578465258 -0.642533131177725 8.96806409704548 0.134807958445361
0.0947305491860236 -1.61008673878052 197.223396125277 2.42823983453809 -0.903296102018128 2.84958059176914 9.67000139239329 -1.197112304621 10.9090282286542 2.13676188599358
-0.814828170132554 0.215837004674017 202.39471013697 -0.657727667287072 -0.128434526779843 7.44897434591067 11.9827998637369 0.831866779098129 9.23261661278986 3.61986156755507
-3.66128124115631 -2.01888069334652 203.267769958806 -0.188146848744482 4.05378313154623 4.11638661528678 11.3080802682722 -0.996576524463373 10.5766086542223 1.70946757269673
1.94676406313243 1.60275472973853 197.665243893931 2.59580965159983 1.01516665636542 3.94285974286551 11.0515457739291 -0.939745923020601 8.26869670082295 1.43782971368619
-2.44075146156863 -1.17579336548399 200.740836304412 3.27841399846713 -0.60032076843804 3.65251333902536 11.0431081888223 -0.217030595660971 9.96770847149481 0.679842471299713
-1.19324865335559 0.0751023111026574 202.062371272302 2.06292830279971 2.35349075624972 4.34779984719706 10.2155123844664 0.16191461765251 9.59658686690256 2.74561986566682
0.731623001384902 -0.813310746570138 200.727184871241 1.42665510114668 1.01242372670944 5.50639335433992 9.87830723566815 1.19988467310043 9.8987069759214 -0.0486160143634351
-3.77772215232218 0.099364526115871 200.457066513996 4.74391887754021 -2.66665805890164 5.41511130634078 12.4738355455355 -1.45710636197365 8.77175315948978 1.79125875199756
-1.54532400824331 2.28984492477145 198.400021161269 3.8237754140186 -0.21770282751461 4.09765449321717 11.2200884161709 -0.867139162466771 8.76905053247286 0.15637954368398
3.48946636768413 1.56286667872711 200.134356215094 4.00129486702319 -3.25732816591901 6.21771087661541 11.175629759286 -1.59965538822548 9.61184417629747 1.78446052171631
-0.258284900733025 -0.58255077284593 200.177087601116 0.0220504292008581 2.225794322363 4.75827726288164 8.2195014121684 -1.77574939272454 9.01307313334751 -0.649494118077725
0.0957148854954457 -0.283006557988836 200.84841968649 2.0328908315189 -1.84898545176682 5.7338348050786 10.604907903185 0.410952727677227 11.6168451641477 4.02731466165271
0.559636878435695 0.064963600055961 199.54850155357 2.23041041677432 1.2215359028785 7.44513939698261 12.0075155782367 -0.186528455895034 8.95204768733938 0.303127324984632
0.982082522745643 0.983177360613436 199.55042084411 4.18178941486036 0.552729878431318 4.0051409228699 11.9249222497691 0.841658626578062 9.9127968338731 -1.59552602542453
3.07187896725181 1.80408425949555 197.513307278256 1.82286152404376 -0.660051741736136 4.84834153739405 9.8528989312277 0.275277704985456 6.43691963146583 0.824440729354984
-0.643186976291789 1.24762973572071 200.277595652059 3.53444193437108 0.493071086848813 4.48647108058756 10.0557173221953 -1.26561352677884 9.35000207715573 2.33236428076929
-0.212665851049664 0.389939698786737 201.716082870805 2.31298938209583 -2.22093258326709 7.21161675535481 11.7462119117095 -1.04135821169127 8.58405028724506 2.04783394724266
-2.81584193043145 0.948387184342408 199.238849619182 3.1013687055279 -1.75409509263794 4.54156316951558 9.68485228766756 2.43462816381962 10.4180719221545 1.45073635312814
1.60179373700326 0.605206412447852 201.146009685705 2.36980271347551 -1.36093427118741 5.54337687443158 10.582323054968 -1.13593285942944 7.35714553388348 -1.34961604400845
1.01394300581125 1.67153911243115 201.467566898906 4.41869019434168 0.876438234931538 6.2144027362177 9.49216361651907 -2.00880650375664 8.43410020906645 0.946783815950783
-0.61729777776527 -0.582127626039216 200.96656641838 1.88265625907893 -1.76128788835023 5.1839907823395 9.70494612447332 0.433116992210133 10.6045351469992 -1.39753478003168
0.58901431547604 2.43239952211264 201.674677841547 4.02121691696739 2.68564373330984 2.69508524960895 6.35116616634524 -0.738026022798928 8.8513840651171 -0.454912987715122
1.88558677621984 2.13301609152207 199.797341372997 2.09441363661738 -0.784209462856018 6.42019451501017 8.93709303110582 1.04716161189012 10.9105818981653 0.175992256347168
-1.65512593856574 1.30188240811937 202.997078945356 7.81421368001323 0.888998942049028 7.95617159429403 9.44039990150863 1.33260177628134 12.1007665989572 1.74649461245016
0.0548193811846316 1.33555704782174 201.71576812126 3.98343710763485 0.207050005065916 6.16322564223486 12.4866957467599 0.629676771472566 9.25107470430734 2.15133980653025
0.921418730354556 0.0388568027245582 202.5523727205 4.10082059081304 -1.13774784209356 6.55323728825405 9.56893909817747 -1.27169909147272 11.00275400098 1.1787332467778
0.25669914095434 -0.338383872158688 200.009533924341 3.07561112304106 -0.27064875416354 5.92434156167933 8.47556130646702 -3.32672242517059 9.77696455231479 -1.48295405934944
-0.862577725542254 1.72479821221912 199.461771292122 5.22681151767534 0.37409920001266 4.62263072226451 9.40072849590081 0.292942109146749 9.24246781283836 2.97690354149785
0.145026307471326 1.76946422684191 201.212487100576 4.4359072664125 0.743538865514978 5.51561907136086 8.77099139552593 -2.25395094801893 8.64984936131919 1.44308900792375
2.46224195398091 1.22635310355534 198.150031910346 4.28894641506305 -2.12960807203579 3.2941717207821 10.2410921416123 -2.88267634946211 4.54930966153392 1.27279139149253
-1.01267029409828 0.218693687996202 200.315743207712 4.00367162513599 -2.47992148283779 5.23040956622774 11.4002980601317 1.05555253216493 9.000938726298 1.86060194392066
0.412612824958284 0.0182143882602167 198.566093516299 4.5700965406171 1.58884264157833 5.46624693125865 9.4205931651443 -1.30579128075107 5.59577090121534 -0.390544564864629
3.71062783225593 0.0741982509719421 202.438268494107 3.41648373049653 2.12435453110746 6.24483276922802 9.91300485100689 0.634288635427474 7.79294318904214 -0.0219206040802404
-1.1616168165024 3.93268717268453 200.792098841345 4.75460423807413 -3.99918368558719 7.27390650678442 11.0859066029513 0.231116215994736 9.57999884534342 1.44812998120557
0.450681025062346 2.30147687264725 202.019557647934 2.30078200467314 -0.553638626848799 9.06861969527058 10.522768972717 1.12922472144714 10.2462404751535 1.46381543051018
-0.413282894611227 2.76727311125272 200.136652004821 4.39506619344159 -0.346117831380846 5.22808817222128 9.65202124754746 1.45595670079406 7.9443570959394 2.34908050034693
2.09374390103206 0.957120032792785 200.128839515177 4.38797504237147 -0.979164937461429 8.01000835964009 11.2660416519343 0.0539478502234823 7.75527172777713 -1.52334321005465
3.27898608833055 3.5724995218606 201.937113530128 3.28037350539158 0.920546964800214 2.66246570364396 9.6599177135784 -0.79432706309712 5.91123194752828 -1.4463533389838
1.32887061905496 -1.40047703086177 203.118896814218 1.05593717804056 -0.692010429325444 6.24805484255694 9.77380396955555 -0.0820865861708906 8.20207519287739 1.00402633170188
0.395784866999959 -0.0430741304214686 201.158651355071 3.66889715197036 1.98939251135926 3.34970892762126 10.5290770152186 -1.19687664800758 9.57555808341689 3.22458142647545
-0.386310387033664 1.44913221227664 199.78928639129 1.42455031775951 1.23005960577666 4.09591013184166 10.0331004541577 -1.15718214411853 8.57351008304629 -0.858998952670071
1.23557304448309 2.98366503687122 199.99236232631 3.70985104447263 0.757180305538227 3.93285207309782 9.20691919210308 -0.612408830144991 8.94559228635771 2.04158150628727
1.36619642239072 0.747074378157065 199.214011683586 2.09968569000176 1.62197615652274 2.69795295956039 11.7110323835451 1.61597691410772 8.74794400143195 -1.75112721152448
0.836967126948999 0.849202662526609 202.116627850457 1.81932592265012 2.00076207485005 4.02212005133164 8.08555513894905 -0.181754241369328 8.62881303854083 -0.41756555931525
1.80752691303991 2.99403219877381 203.091976263159 5.25242686830327 1.38943951407357 5.45169993648069 9.13787209783794 0.680684878843424 8.47337608173835 1.42203176881926
0.746236688523697 0.457671493725327 197.706831771342 4.67578978763666 1.74188041264134 3.82381345210975 9.84766523121432 3.08752066501946 8.65301682736093 0.929837294774487
-1.99370176641182 -0.353364867864985 200.868144189931 2.37038573948573 0.590379391797087 5.03406006287297 9.71967362254434 -1.93948863147139 8.68395187557319 -0.330272566079165
0.339747655399156 -0.234600220446482 197.335911369511 3.54150585761823 -1.2501388040347 2.65028941131492 10.2874760091551 -1.7152090960028 6.97684766604519 -0.776202666778716
-2.24551164932645 0.114119155412995 196.300722599718 5.70529687817085 -0.637455232505606 5.20826730521789 9.90439094386983 0.214195849357464 9.07252086039574 -1.10697142287094
-0.00536886594784969 -1.86020051510632 200.268506100554 4.12755069906428 0.211500889925741 2.99250019033829 9.47963323450364 0.41900909610447 7.46401955357189 -0.942625035427136
1.8414174465986 1.18415909108678 199.491106720919 4.36541256512949 -3.9754682818168 4.97654972886253 9.02298425889808 0.802850944401071 8.40934153109613 1.5814083949807
1.60333864046005 3.06918335083232 202.45422422498 6.13298827034458 -0.359370680620094 5.87191718490223 10.390386337595 5.34162739473436 9.9689786224888 2.44351311004527
1.33976361619075 -1.21660038217242 200.680147855872 1.55433497240997 0.405396291311444 5.57280998046313 7.88720667987362 0.699039244874327 11.214765117548 1.01103195998544
-1.10227107160498 0.570388455533227 199.937179379223 2.23659961031309 0.620005745761114 6.77010387217782 11.0174332870985 3.15144201853964 10.0787183952088 0.852192388864696
0.6035677203987 -2.81059271937932 200.919436187374 0.0939450359121277 0.148576945885548 5.23430549136408 6.81667305606602 0.182752697306094 7.22315005831373 -0.850391331891245
-3.64768961925241 1.29589705453009 201.077084221365 0.845902258509179 2.29793973302141 2.78393408190623 8.92608106726123 0.260089536109064 9.51929045365896 2.61264844494897
1.71518817080615 2.35056759290636 197.639976591587 2.41842829900677 -2.7681081350284 6.16945493453669 10.817682473154 -0.256675408323066 8.52732419853418 0.928035911402566
1.38451091029303 -0.190004822297771 200.792396268296 4.77802067593324 1.31604799612418 5.29607322311174 11.853197402359 1.58765634829287 8.81085684442055 0.533585088317187
-0.0911756015806625 0.465623777944276 199.577334926035 2.47837065211224 -0.883317017902598 4.33221388667837 9.53515930720931 -0.0294126478145643 10.373311315894 2.84989934381503
-1.97715026187142 -0.0412174459239663 199.293909808589 2.96612309963144 -0.316266782933925 4.80802568214326 10.4612243991417 0.112916768494129 8.90308755310887 0.0762604940758844
0.339875737909248 0.664502604173573 197.889574875715 2.77934812314227 -3.66331241140592 6.17421052339352 10.3005321293752 -0.475295371392919 8.20124291309403 2.91694031649615
-0.499967249946451 -1.39831811893413 199.637559635627 1.74896622281512 0.300814847278065 4.18586505113708 9.7060420446532 0.969396490307334 11.0425133779448 0.808771360137121
1.85771306195499 -0.532852877991886 197.848070966047 2.19828110117712 -2.53599893692717 4.30946962814381 10.0960276437102 -1.05405226689284 9.41329004891275 -1.32174977766634
-0.78969927658351 2.73346653303303 197.598401351813 1.96350778598042 0.592290983511177 4.41004518202885 10.0727145763209 -2.47018010690803 8.70134593322933 0.224869555967984
-0.170490443060587 2.77902098093896 200.450620457998 2.9194539204916 -0.336237883932252 5.33001228560407 7.39818623018111 -1.51917294406672 11.5067209400337 0.679157075969047
0.105606468540757 1.75842833212964 201.045605267684 0.842498366065035 0.778619914530428 2.9779868084563 10.2963570788047 0.44458399034854 11.6097066889405 -0.390659673460038
2.06631075967043 0.328017457012905 200.159994434804 1.5848974354134 0.497016327774884 2.86869336504149 9.58367047265945 -1.22467606828728 8.82462981186599 2.49188694667996
0.015177940798903 0.530575046621903 200.542074780903 -0.438473139905942 5.29668521783525 4.66362864252 8.68832246057466 -0.787203517086242 9.94097682668071 1.0373752233222
0.231990922839207 3.06401509818679 199.665421285759 2.49436549872146 -0.790845987493474 6.17444482135992 10.2875999426484 2.00681763735192 11.5805661900774 1.07156521647463
3.29362217921002 -0.0620430732992014 200.865226011356 0.937881297750748 -0.180674519076956 6.18011011378236 9.50801693409475 0.079433403799099 9.04556087996417 2.83916885829138
3.10248113707466 0.0949865723621334 199.838930777185 3.22514624325291 2.27854901383876 5.88101578411889 10.8685084455735 0.33283373101876 9.5916014557216 -1.08826203415234
-1.42767941788309 4.34002059162878 197.233147523488 5.71989556750039 -1.77746055431195 3.58576938282926 9.32337702131951 4.43196572178845 9.56934266583149 4.09450711433048
-3.86819543567656 -0.643256492523629 199.134420805385 4.67519657511505 -0.204242448437606 5.21495057745375 8.58798212544154 2.03830887805473 12.156398768402 3.03792363923168
-2.05740626350569 0.388886974050838 200.788262070249 2.71837570494799 -0.21530300507341 5.11551312105032 10.9699713950489 0.647716175768031 6.88333950276317 1.27164954153016
0.160258746028354 0.117534302974018 198.696177750819 3.72780004759742 0.165110439058885 6.13279770413175 10.6334155460951 -2.1256122225477 9.75337630463405 -0.225593647117833
1.31262373543499 0.00420418836421788 203.302343815554 2.80457126573513 2.91351710821205 6.00455543828219 11.5308601699052 -0.104952511614995 10.0063270645836 0.22371612399189
0.461310556610859 -1.15798750618121 202.854391835371 5.06773303814523 3.01133151165131 6.63809568914838 9.8500333425792 4.93485359551701 7.90802532077826 0.421140328433232
-1.71744854931529 0.59502752771068 201.836816862182 3.38183803897642 2.22418693465201 4.33033534458525 9.00543585637884 1.53539991202662 8.80227771653005 1.24340013890583
-1.85248598501606 1.56781058417685 200.310919306937 2.23493096882519 -2.51746990944765 6.49237162709723 13.424313257227 1.47318583123012 9.51844536669854 2.7145488714633
-0.765753168850194 0.81028703376185 201.033321765065 1.24058531446395 -0.0820149975814203 5.17864490350534 8.63587204291098 -1.12461152645275 11.722974878302 1.66058841676018
0.0937093394920171 2.99779176197559 195.121974369239 3.14672006664484 -3.13226636194843 5.44158256642702 10.1549111453489 -1.90270296569852 7.75375698795801 -0.107862938989562
-0.193003719256657 2.44220190409895 199.91903171437 6.9466414250236 -0.93605156277303 3.96694492145766 10.370496229142 3.09978337776913 9.02696930814841 1.33709760129062
-2.34603081903801 0.878730373349603 201.883172650688 5.02125659738056 -1.30747319620092 4.71887518652574 11.8930802725378 -0.773607068502822 7.28807115433789 0.349117421337151
-3.08441219357546 -0.0319933514173776 202.034042036317 4.1926512053129 0.086700889214891 5.32645274718589 11.2224203933842 1.47982789006914 7.51391453120315 -0.0310932481442414
1.59910987519073 0.456470292914741 202.003148950517 4.55806920095319 -2.10419027123198 6.13886510795607 9.15788825415889 -2.29451453575494 8.16560962968727 -1.51488720562608
0.697046198548254 1.22232488192972 202.198320807368 3.10576797178721 -1.45233468370209 3.84558378512035 11.5828410141078 -1.45277513683963 7.50341061759063 0.146049176177686
2.30302974954819 1.40269275724261 201.232964005473 2.4928313324017 2.11230903028207 5.7411609853014 7.57560846493483 0.778737858341928 6.86543684751648 1.62321096104652
0.100180852972221 -0.0604576274702209 201.854959701191 2.56043594165976 1.89453956368372 6.32719379486322 10.2148274708551 0.62193226373872 9.1127761480035 -1.73909837788416
-3.25034487132216 -0.285444006657041 201.03093576871 1.41731867840675 -0.777841695937949 5.51447178465794 9.41515409993445 0.616898778570496 12.5056269648821 3.83078238387105
-0.297374667479283 1.71774360345496 199.916459270101 3.35768887509502 -0.812599381110195 3.17968735972675 10.0791960143434 0.356486693969017 8.54945000434703 3.2608322194688
2.35025939658997 0.350839869779861 200.29936093013 4.08292608044949 -0.84058961756788 7.24640336664355 12.0039458444367 0.29980638997219 9.08553303578405 -0.0563702605517773
1.3407751833927 1.06617900097055 198.810041477732 4.15662113430016 -1.37218859155495 7.45510996231384 11.2450114350898 1.85093668704642 9.61008038857425 2.28574165119007
2.43815730749162 0.995570011529348 201.236710235809 1.86329076689839 1.07019749287708 7.22885458653007 7.37591703502243 -1.65751189469394 7.57788017009234 2.26503985782981
0.075373559004962 1.68307524044423 198.896504652373 0.613481962328634 -2.74653757971174 6.14165544355509 11.0093146219206 0.828862378988455 10.6240191034944 2.8202245516263
0.20908624747178 0.327420029897303 203.861409799072 1.06951577209483 1.82878651957741 6.85399617789231 12.1475467934757 -0.371092173862921 9.34379848364479 0.384389672512104
4.48378542946793 2.30241048629323 199.973591274604 3.67823389290252 -0.0933430863240332 2.11495523258496 10.3874904201477 -0.441953666161282 4.98225660759041 0.609267675257212
1.29905619160845 2.52444895894228 201.610965068285 3.23409385052542 -0.439973330380706 7.00627673783685 7.88779328043323 -1.97420044777326 10.2178400800685 2.93213990812309
-1.29879421853974 1.17784988062663 200.77625716088 4.10340776527477 1.82917261063014 6.36173906083477 10.8883964400698 2.30222689350396 10.7661308803205 3.10328606016615
-1.71946744789139 0.981893507488693 199.724694488983 2.5010827913522 -0.13701032548383 4.85962403667593 8.63028554286752 -0.00789875750403397 6.32287591647858 0.187641810268546
0.118158164408359 -2.02679065678533 200.978093063616 1.57688174592685 -0.728260238315956 5.42252386835282 8.86124516247986 -0.75634193792098 13.2278207559805 1.41779596360351
4.14137889121412 -0.537342773346928 199.528319968418 2.92911429621686 -1.39089457553755 5.61174133832267 7.3977269482627 -0.753385832275924 8.12269286223489 1.22074445878723
1.76460685635224 2.91234711191888 199.814684718447 -0.0832347705790224 3.07313828700173 2.86572057425362 10.810248880386 -0.573950140309732 11.2246407584865 1.14073563026595
2.0867415015511 2.10005111855456 200.076642487472 6.10272525420695 -1.95117432403376 6.76872488308821 9.10754199365578 -0.188985736161196 5.40258263456 -1.35498782371878
0.111447518637915 1.03905331526515 199.728063850713 0.853746859337653 1.07947126258463 5.89390716867909 7.75984987023662 -2.40111322762124 11.0302058643463 2.56082662624221
0.35747553645315 1.53752542422058 200.735934827765 3.81903570535393 0.503944314937019 4.08806428713013 11.0902360606448 -2.47863573459597 7.76332534892538 -0.572762091136358
7.3001505312482 3.82892341285562 197.354173647938 3.13700891741724 1.77513365986173 3.67265012232668 10.1457064872356 -0.7965023835534 7.55888063196475 0.336698039777582
2.72641741476987 0.759268355012759 197.664722961443 3.46206686141405 -2.48336348394645 5.08678004217975 8.91270614647587 1.18891532739872 10.1719658933826 2.89918959513666
-1.5146100786262 0.934314230390602 200.233668834246 1.66013185806576 -0.394912061713781 3.23556325186322 12.0774845856961 -0.184911968468171 8.23669909988959 1.18752989543521
2.65895420940946 1.05864177329548 199.383143997266 0.405382511512781 -0.175093077319113 4.38617211409808 10.1001566191928 -1.75708941202547 11.5255929120783 3.79596412388234
-1.63770262101909 -0.53064015146272 200.172246845649 4.15609026332714 -0.721195824336184 6.66731328298627 11.8867165132409 -0.197457279561294 8.45221188309131 0.0878282040212447
-0.0362145695821944 -2.57250640486905 199.508059851116 1.75935677729301 1.00140297465381 7.04513749295815 8.60955961415613 0.345069086495441 9.27688787420008 0.918473763221529
3.20775548224781 0.1496634468217 198.630715151591 3.80559402902702 -1.86579543325202 7.8375425751462 11.4807603640621 -2.74909100471019 8.05592322113223 -0.396547803467244
-1.58245591419367 2.030662916822 197.191757981892 -1.25384900763714 0.594382715420277 5.41160735907306 10.4645174639047 -1.0315007749835 11.0823697498656 1.57335309126717
-1.15127100714188 1.43105170835788 197.483782761653 1.89103621902579 0.779500774009603 4.24622512125484 10.3193653592443 1.32005362161202 6.99666354795776 -0.761482538366172
1.99228505587726 1.38375287952201 199.754333958797 0.209744608534831 -1.73029182269749 6.70918684164692 8.10639986342008 0.571068127020904 12.3171814979452 -0.51558058978386
3.46677616350594 1.94441279320435 198.057554882448 3.32652432652971 -1.88635457401406 5.14069120926718 9.75402239491181 2.19111614721886 11.105675519885 1.89937826879137
3.07733968769299 2.31066737756772 198.002830643983 1.11190150431612 1.3422718534002 3.31661579090953 10.4062281442009 -2.2863180663639 10.021576704015 1.21012398522384
1.33622721920683 1.21279870499926 198.45744176613 3.73780023035521 -0.000758716182406114 3.55974463708178 9.25945548507295 -1.3255694332475 8.97107476840753 1.91873434610744
0.851900836271332 0.917493741870463 198.99641108513 0.98943814665062 0.858629544467171 3.74299053938287 9.96221501519558 0.590515934837676 9.92467911877065 -0.850258206600429
2.27311198517437 0.943629612925522 198.399206386927 5.25288398677952 -1.6911271877594 4.42746919361195 11.0300549673856 -0.568704402433206 10.3554214987709 0.0132558870299512
1.47347921333401 3.92614433573563 196.930286181926 1.31650416581896 0.345920964647159 5.854561771423 8.89474604293301 -1.77246451484595 13.3236185933213 0.817700887328491
-0.714279190814134 -0.585218094167749 199.581936823884 2.29064700135711 0.0957039421468846 7.00132185086316 8.38045512536608 -1.39788970791525 11.1395329850035 1.60330803341125
-0.236727285299955 0.414087037009764 197.060601764944 1.94254191676379 -0.179505221980677 3.16051089706137 11.6751026867004 -2.887461658941 8.72982380573725 2.92611849292175
-0.192071857718977 4.2438111594428 197.686974859348 6.73451012087498 -1.01460962276114 5.40572842802534 9.54143037082748 3.49408509778801 10.3441775533082 2.22545707088269
0.275749063306853 1.74508465017854 198.796876710791 1.76615941275821 -1.81971151876209 5.82686782863312 10.8771710166869 -1.67910503733505 10.7714240766852 2.39343206616888
0.090449228636323 0.391951729055302 202.398903520588 1.54832546499219 0.943660109487269 5.21196867023011 11.1212684292603 -1.690346571751 9.1221070908338 -0.225356679162244
-0.230097911541227 0.663635357794123 201.071328521166 2.94782982707619 1.34558923277977 8.55150115706102 10.0245444675101 -0.508885192313288 7.4951733657585 -0.333622217142771
0.242760388148064 3.52660695272501 199.993085600514 4.85468505880769 -2.0772380423128 3.44165532453527 10.5084759640786 -1.56137535799843 9.84383013332027 1.79239960587787
1.94285720305657 0.757804150782122 200.779853839486 6.34817544866404 -0.0196686166298839 4.41327041755924 10.0321423823711 1.03332056713374 9.73248592364812 2.64949777509441
2.56303801771162 -0.0378804608449812 198.138386442936 3.33326501085718 1.14241343801314 3.66883617614816 10.7408472658714 0.966807155637557 7.53033719036793 -0.175378503055124
-0.852828291839977 3.14415535770819 203.849354589957 3.87739968660466 -0.0219818367068535 7.10605229756956 11.3120067276576 0.518625221264569 8.99859831736924 5.3292875083884
1.25965164842355 2.52909450329512 199.113916789725 5.16890783955079 0.0793777276301405 3.5312488633467 7.647890366713 2.0361539372879 7.7420778500762 0.490772111058
-0.540039113757669 0.288658756285096 201.713961932842 6.78397887292655 -1.69801370896978 5.49001912853057 9.24516399646324 -0.940731375124465 8.60385602070737 0.391503454507921
1.11663415784416 1.74312138344953 198.256746921714 2.9031184125207 0.176724399630798 3.27183253337377 10.4478091599051 -1.96077841512094 8.25119582565019 -0.702937495153586
-0.500418487526845 0.507781118208137 200.914710303944 3.70276808458824 1.89449671667375 5.43100500009332 7.85348803272784 -2.54546520059181 9.3175054487997 1.31573473832706
-2.93800001096894 5.2689861510095 199.9394772414 1.63764379597547 2.49065440444793 5.73861766506737 10.1692133903158 -0.638632465527162 10.4042200686387 1.12132435277416
3.13312068870764 2.25875325053019 198.274994364624 3.04327010258754 -1.37685958063588 5.67085222362913 9.30150443665451 0.691017467227886 9.55888233437713 3.56856653332094
2.24522224982001 2.52249035739343 199.487246176585 1.97157505489463 -0.350984210874622 6.01493085420658 9.60411654744167 -3.1328433596406 10.37843769416 3.48345112552093
2.82771412112823 2.81652358539114 200.882366784568 2.23664961777695 0.751267240545632 5.26912621894922 11.0214302254758 -1.35637781958738 10.1793318012939 0.331551428448285
2.01941740109165 1.54590763264726 200.851410374963 2.23907233849855 -1.22771249251636 5.37051149246551 13.0659980003509 -0.434365208799658 8.26079292466314 3.72679589103802
-0.397774070313051 1.46837890883074 200.625502218468 1.45319308931587 0.431732650668804 4.26252053790186 9.80777698058785 0.176501999646192 8.16443199600859 -0.405684118182252
-1.00572714992993 1.33626634123911 199.367107522913 3.16068565398226 -2.33016845971639 4.85563738980085 10.824938505074 0.903396916080305 8.94574838349071 2.40984244004726
2.34582201216544 0.486357274116349 200.229235231937 2.1601317008215 -0.552323252177196 6.2243456399525 12.0769304686834 -2.17794379992964 7.45618033714753 -1.59963174591167
-0.564169265061001 -0.114319333554348 200.701055378471 4.64436989658407 0.000440455789441494 4.70887375585107 10.5758279481727 -0.747435948582038 12.1591833261815 -2.45763993933635
3.29722955329469 2.28086738084175 201.440641100281 5.27216773427938 -1.18520258577942 4.51295292546511 10.1998633614818 -1.15967754729601 10.5392110229772 0.809377668063537
1.79224878750745 2.46893520827415 199.087072887067 1.78662848902787 -1.78175404579559 4.10578058119436 8.82097385699601 -0.936950061373521 8.78593645959358 2.05909462411529
0.19535117887885 -2.11352909663303 199.984445597858 3.23351672973285 1.68337200100952 7.21214071692636 9.59454632118024 3.45571527325156 8.29059308163886 -3.81466802934766
0.56834195874496 -0.517829815975325 199.663846333915 2.96402234297286 1.85214480164831 5.38745178501822 9.56129323114172 -0.515860169757356 10.8028724661163 1.31249954807017
-0.0609618852056695 1.93235612862784 200.489274070191 4.47828364566491 1.46261975421222 4.52719978500698 10.6961465932065 1.04352435479579 8.09968165667278 0.21704418364144
3.98045511560429 5.03518306477399 199.219436003985 2.09114265556892 0.205067193917892 2.29047909809331 9.0792402225672 0.34958979222468 8.61172924495731 3.6604845422998
0.917186669232109 -1.13411507666975 198.431947392592 1.84568469137529 0.536914846471917 3.396621349378 11.6420359225699 0.605407550804629 7.68275707090965 -2.24959015574029
-0.171644893197131 0.244132951369803 199.221488343354 4.03848194980817 -1.90969755590555 5.19664786054963 8.73132587483862 3.14966922596072 10.6079504147509 3.29180110139859
-2.10978638001078 3.001301850437 200.267295731099 2.5507907752727 0.98912924358323 5.28211717242514 11.0288626838911 -0.534724344476169 8.1131179516018 0.327129539496042
0.834209440418751 2.08912966297355 201.584209675648 2.24934912018281 1.79088579837103 4.70408822220328 8.28097620002536 0.117521003912246 8.66845813828664 0.283389016140799
0.458221645120701 -0.350733458301099 200.002607209087 2.90301495072156 0.0723647787828284 5.08643707715428 12.1591147501556 -0.612646107606383 7.86402561484693 -0.0479494385317876
1.94697797821143 0.54721145198055 199.930980582878 1.30194592129587 1.47787518509911 5.16464901406169 10.0579243012888 -1.2920064733564 7.68562059137559 0.273866804864184
-0.404886866923821 -0.891980039580398 200.222243189685 2.56959194307671 3.36396427230752 3.92135382138503 10.2924371729062 -1.15571155102402 8.62785841810028 0.801068531949619
0.115205644585172 1.75636824424855 197.719719732262 1.41647262270435 -0.129377200412241 2.14739129278877 11.0115870102482 0.512054153617029 10.104798495282 2.47834876741675
-1.50958843714874 3.78166531221805 201.637609400966 2.40530602139111 -0.842228120133206 4.73587851464258 10.3123288868185 -0.356803111182725 8.60264349653918 5.271361139373
2.03569071398311 0.705139342155338 199.562115257643 1.00742037942808 -2.40283872127746 5.64843732936429 9.95704734475211 -0.840776713170569 10.5532278398316 1.61275822785282
1.21359158717511 -1.15766153761696 199.652402980639 3.34911991033437 -0.953651689271588 6.22826656323604 10.4133189017852 -0.0132038490993911 8.25171469886771 -0.230726801165099
2.96200998441814 2.36887835750399 201.386391887891 2.44151051623477 -1.55168877876688 6.09609284382967 7.76751672500921 0.245560445639013 6.95926552806448 0.861440343488558
0.983059198974013 1.68679480905414 198.808265500029 7.16998736941061 -4.21670603385764 4.71188034130077 12.6037593706778 0.144158026093948 7.84765660303663 1.4355592292328
1.9068624110881 1.89246295057489 200.974474217469 4.89796331790092 1.71115289906262 4.85882179330421 11.8441006104734 -0.905076071910307 7.41975967508399 2.7344565242941
-2.93876865772696 1.41526911577422 199.001806654891 5.86613012952469 0.354342432980321 4.32345773851844 12.5448339957334 0.179401940926481 10.717817642435 -1.99553872234433
0.715603622271875 -0.515895311717686 202.244471191763 1.97676934062574 1.11092394343482 5.27353759727048 10.1388881672937 0.159756125390467 9.91032393617377 0.660673330946927
1.78348469259487 3.05913205412022 199.328571117079 4.5907763995862 -2.03659139283104 7.25873225394816 9.72161422953383 -0.256065581752091 6.16633274482721 1.70543309194026
1.56441133634951 0.783950639704661 198.560290917333 4.51678324393317 -1.86615719086357 6.39268365842928 8.1211478481558 1.11468736072853 8.70648589173961 1.74651827538365
1.34277297839042 0.426331796098885 199.058493253629 3.94148654748115 -2.37913548715633 5.68383260013564 11.3498815146277 -2.77484399149839 6.65677265365994 -0.170150941532313
2.20317445207409 1.4554555794584 201.953961446528 3.49752593213088 -2.34729727612611 7.75033129173828 8.53895782236446 -2.46830562773409 9.99523324199309 0.3945294436125
1.33321526859432 0.428903204546575 198.709844308105 5.49188221705703 -1.61465229270469 4.10721287690653 9.56249188936173 -1.80655855098051 10.7291904193637 0.640456295585524
0.722503755701494 2.14050483534805 198.598214138218 3.93541251028916 -1.1667173684796 4.71095140545754 9.48941532077017 2.92235112464802 8.22841547882989 1.05118466447189
-0.635370464253697 3.34784875072992 200.825272764118 2.48212209966626 -0.62986138700685 7.89814496554244 8.08034304299418 -0.518653525135747 7.03939854591026 0.65364220340613
-0.357420011023682 -0.438437078911653 201.297175493566 4.07451650178049 -0.949039328332039 4.52908618723592 9.4393470204722 -3.64957229453598 7.22911101993016 -0.740670470606597
-0.341792656901031 1.32467142319123 199.789265608527 1.53855228951105 -1.02017155859999 2.87044566368482 12.0251132771322 -1.99176834977564 8.62091278747359 -0.456953601729785
-0.24754247710167 0.404878424392382 202.954033057194 6.49658938239884 0.744515066150967 5.36267509202127 12.3264450639656 1.83958068095261 9.44224118881376 -1.56575759093913
2.46124257395692 1.82058259602767 199.500117991547 2.77135403074631 -5.19485552937973 5.72364882492234 8.03368971291814 3.3741040192954 8.304920790771 3.13668535101161
0.845124329465258 1.45910978786378 201.864297888209 3.44347641978539 -2.20530018149546 6.43515495278722 8.25298553162927 -0.356799422629509 8.09457230196406 3.5310625153161
0.56995212020888 1.89607032865876 200.385756573211 3.40504996235035 0.144018186265733 5.73333485432566 12.7586259272418 0.383967458655981 5.53720764530147 -2.03175629313859
-1.11714940170841 2.12246267699631 200.783285605615 2.99373249428332 -1.22297994637128 6.20064589753702 9.19934432457782 -1.01739830814276 9.98021818868229 0.817744824336937
0.234659775038059 0.884576671221913 198.831663724687 3.11840821875018 -0.108030872237063 4.91908245420963 8.25778986658073 1.30119278728351 10.2130964550375 0.496145581716974
0.252860097355562 2.06325574338076 199.570104185235 2.87069367248316 0.686566979520604 2.8457170065891 8.22062049943571 -0.482943527620873 11.5911971181187 0.0359000127755552
-0.0782536454532948 2.51948334761206 200.928177282712 2.69914623503688 -1.76812946365349 5.27605351885069 8.57139094656304 -0.181011237214504 9.52714350550214 3.15684696996659
1.34788856956815 1.46469718961146 202.855407973872 2.77326154231555 0.0416145688359005 3.51158426442934 10.9611706558563 0.2232130596122 9.80510162848666 0.594805491573062
0.660310110820364 0.824451747042878 200.787599190416 1.45994640577237 -0.802545694383733 4.65132629692848 9.70879152895685 -0.0967338951960723 11.2524238359843 0.985872743553042
-0.470283166346125 -0.634897660967569 199.680173435085 2.76772466114795 1.39418206754752 4.04694776860303 10.6247006255256 -2.59121216190259 9.39164360013476 -0.5961652146406
1.77487630780364 3.63046911681126 199.102329444435 4.12097429317413 -2.94694849932575 4.66480593479849 10.1557638437136 1.24929532371663 9.74261941983784 0.19463627429907
-1.44532019072185 1.16464217125555 197.458718466342 7.37839641871022 -0.577491895628469 4.00363327477701 13.4822600297183 1.33728370781512 6.52403501013535 -0.374160179737575
2.59906311487175 2.83954466430331 201.691641820199 6.21276100181914 -0.910582784065991 4.51139199769018 14.4333184374686 0.396389231395893 9.52550304186432 -0.366525263092621
2.50020016718878 2.96257822546073 200.41228591164 4.30620845679743 -2.20774384957266 5.67054630187617 8.60429366239032 -3.94857253701024 8.89953893258333 -0.395582884855127
1.37911408820366 0.65325127185843 201.560429445208 2.93683430583996 1.59936405423612 4.19415044162643 10.7102972769274 -4.185632615538 8.01107165733708 0.417733467022489
1.19444763593114 2.96721194190015 201.220930225132 4.97688329655566 -1.46241542810076 6.45623228047575 9.55720695258468 -0.526336572509651 7.13601828990043 0.735930607431914
0.898939753570768 2.12034002347988 198.489569566963 1.65518923588756 -1.02671355325492 4.08050464339298 8.93476901017243 -1.20284579856942 8.51955030511127 0.854843526047792
-1.6374322451093 1.41874571374074 200.370572992828 5.70103291269374 -0.46582923892213 5.14758065617827 10.400406177399 -1.71071653317491 6.45338816517515 -2.27796962854247
1.84835007017816 1.60955536886945 198.788680530062 3.88613477849752 -2.14066289912579 2.724250729567 10.1777937812836 -0.934461317084904 8.74982983070024 -1.6919193945862
1.65671061991043 0.222651698845938 198.055054841859 5.09036344559158 -1.13993641685285 4.89938962288515 8.7531287189313 -2.03676712890761 5.7484620668159 -0.34094806348574
-2.69041347315597 -1.85298553579583 199.233369457473 2.24203995922049 -2.19442597117527 6.33124732088293 12.8121448411156 -0.65787715438653 9.24716534569046 1.47236359201647
-0.542215752672401 0.988416744356134 199.203836787938 4.61392915714747 0.461343225142837 3.18006979175219 9.11433485753712 0.508815538494328 7.86946924944953 -2.33833538622992
1.81440876185382 0.336180515152487 199.042714872958 5.03387906037459 -1.60328798474835 7.49253357230513 12.8411029932978 -0.261150835160112 9.98794572877459 1.69446126400253
-0.392767633822479 3.6214335918893 199.993087039108 5.52277548298316 -0.174005569712588 5.10981945346118 9.43877550973449 0.364954262105623 9.37977911248634 1.49166305559579
-2.79823131686182 -0.837714793207462 198.964829394671 1.3741411541863 0.423467343382783 7.10456262699736 9.62031413070693 0.778330184510045 10.8327568159609 0.402494472714482
-1.61132683163612 2.42126304378779 199.838896549251 5.31574464643279 -0.0951604079897345 6.42581516911183 10.4879406781858 3.41344377502794 7.41219389741851 1.89734536417432
-5.00708464128721 1.2359572573183 200.687351342447 4.12349888345861 -1.14278678790391 6.42567793273176 9.46336126993407 -0.283954822595619 10.7123453455539 -0.695320159962309
2.87931905783212 -0.238152664989552 198.465028482366 3.27058386438734 -3.07477717771925 4.46126975229801 11.2798218977215 1.20376163809138 9.80351207428881 2.22772681715167
-1.6999644990136 -3.6506564576389 200.033368207135 4.19909111791654 0.765369420179176 4.45115273240839 11.1912195203544 1.30363716321108 9.19504199362337 -1.17927775219957
0.0181662230162823 -0.810155693081775 198.629494247693 3.32499792432726 -1.11566014426905 4.92251130148828 8.71491212130577 1.58072633159667 10.3483129109049 0.280525403277984
0.416473386950351 0.306395048500716 200.110378266415 2.9707024874895 -1.46639923462254 6.748227823083 11.8352556320372 1.61923990517833 7.46635685109978 0.558199471695702
-0.073628847227437 1.70950200741015 200.099964668522 0.512139773908879 -0.908786023894496 6.02221036648162 10.7835843726334 -0.33035432341653 9.28019283037388 0.582106087898351
5.14766071928421 0.496151771731382 198.179946088584 3.47927091845887 0.628640875752091 5.38700947128219 11.3262278196259 -1.43998051389814 6.27342019477538 0.446938224338748
-0.627644736234165 2.08253316908729 201.42183295361 3.62619515603921 1.08691966423218 4.08265714036938 9.90403291015534 0.917297144773859 12.5207719744836 0.181671962932469
-1.42801474506794 -0.79113352006793 199.945316445144 1.35539020432018 -0.927897377252278 6.07328350715853 11.6735945734876 0.295857378660783 9.90253765540758 1.84306878495018
1.57756870937776 -0.403854715882735 200.309344174949 3.6684411643808 0.948303500698912 6.45352234637862 12.0839826758803 0.264276243764869 8.43991218833775 1.54230808401936
2.44004774603239 -0.689061163040947 203.754926808035 3.3591634347243 0.988148898648261 6.34389706680456 12.9396889340214 -0.762551240714384 7.62213869485243 -2.24378953363543
4.85192057457912 -1.1202943262721 195.80631100979 4.45188478104012 -0.233234531063553 4.97696470237976 10.4911366973115 2.35939637488999 8.11844521688556 -2.39289157210338
0.809026808411568 1.44299793702037 199.796463453478 5.27086469126684 -0.911651533468887 5.63768349434309 12.575891475879 -3.22501736331806 10.1876573119445 -1.72103232831856
0.954079812833212 2.29975781102191 200.039834825105 3.56675625401443 -0.162386692377116 6.06924386964723 6.19327459046854 1.1961091427443 8.66481958981258 -0.616495644026381
-0.999899750596578 -0.576675950412864 199.630582134211 2.99505625403929 -1.05813490601742 5.39552485609478 11.3014125875042 1.05475921441869 9.53837474909611 2.71286871107
0.00981230168026903 1.67707704179457 199.705915689282 3.34543783411701 -1.05044327515347 5.2332564302974 9.56459516410528 -2.74069063895933 13.4217367535663 0.236616779691451
-0.00170900329558299 0.315115909467131 200.037385046417 5.33043534844584 -3.39875299042682 6.47687473968903 11.7797318081832 -0.456127623538126 9.75236311169074 0.279218413451654
1.14022146969832 -0.819216800118413 200.330380730067 3.33926354831494 -0.443806913987858 4.57502094521737 11.7869488009228 0.553070294389377 11.1821972529953 -0.48112082897494
0.760745922160387 -0.276749579566816 203.525608512201 5.21832636659355 -1.11786592148698 4.85841316360427 10.3417565041554 0.109267313112802 11.197860747397 -1.47835726850319
2.17466382223014 -0.621898277232464 200.580474555536 2.88693597350607 2.11208615120897 6.17729371839281 8.8575704207418 -0.988655386118474 9.22011786299202 -0.244316794120546
0.649672090972549 1.10171491617744 200.229614193025 3.47446602174094 -0.16026696412732 6.53427311205884 11.7687250448927 1.34848803696035 9.50602896621092 0.292433385656547
5.9260174513886 -0.404756685266149 197.814882989908 3.08711903532293 -2.38692862161488 4.44688004321909 12.0568065119763 1.85507042295789 9.68447947634098 1.3525639109768
2.18882830526945 3.86579420494173 198.379743656786 6.20599986104592 -2.52213712011025 4.02475014991623 11.2103437659658 -0.276154765039758 8.80976455422067 0.23616483033144
1.49401202734743 -1.10357399353177 198.6444691259 1.30383596041812 -0.246280318243996 4.7565498153992 10.7026461674951 -0.827291761792818 12.3016787765904 0.0276412370004193
-0.936430145457995 0.670897661188568 200.506799452046 4.24489828190143 -0.879649630080748 5.06608664013753 10.3562668720977 0.571793113795309 9.22297274168486 2.35691099503437
2.31102437743761 1.60025054378137 199.991032418734 2.67940979608633 -0.0940874372360018 4.50622512376709 10.8359993331624 1.29258771302472 8.87291146191358 0.732264240089659
0.0791041943878877 -1.78627152970217 199.877644543348 2.72219254082737 2.26774753840818 4.34861101016204 11.709249368258 -0.400316203148313 7.68158655642827 0.595028613912214
1.96930969799185 0.880362113581558 200.208753521063 2.95322448716936 1.63570566262079 5.52018661305713 8.97438047930364 0.571529430902836 9.22008360943213 0.865129918429071
1.55581431034118 -0.772209951160546 202.058940258348 3.17104808220443 -0.51107199543519 6.53093083105423 10.2781108553008 -1.49051500563947 7.2584511064874 -1.3525719262044
0.229562625859879 0.0190706350605339 200.932149669208 4.06314341102161 -1.92881490704697 4.86904400946398 10.2486664777521 -0.17928475969714 12.10478560788 0.121323128541286
0.940528127229829 0.943585979383602 200.089953051768 1.17350227628839 1.8880261346553 4.39868188056675 10.6710363837404 -1.10412840764783 7.55847925401498 1.71447837564609
3.08809562327563 -0.0831229572745698 200.646565235816 2.16857037267453 1.38096545176882 4.85717896931212 8.97133131378114 -0.781711174375122 7.84586204377086 1.1503161691996
2.20734727640843 1.44208729555888 198.849441083229 1.70117515570697 -1.92966365174993 6.84151948147241 9.07950116305632 0.767603578782182 6.31966463959703 0.973867015186442
1.77361163214467 -1.03207968109379 202.154019658869 3.70517501164709 -2.49379531790917 6.27544809325576 10.3612656964479 0.418962398276193 10.4443333089757 0.744332324576289
1.43204012984359 -1.32670971164162 201.512319592745 0.252274320388273 2.49010343874029 4.88767668278703 9.90124988823408 -2.82732261682203 8.97006576736861 0.837391435592442
-1.70284022407786 2.59092162166838 198.975279162315 3.3502356811915 -0.600696689450143 4.56805395408465 9.10803200864738 0.535493366928402 10.9507169920429 0.774422507300534
-0.991230498500273 1.13037244931633 197.74038693671 2.52577645442257 0.51619134557794 3.15847777630534 9.77967673366669 -2.3989064344248 8.70680808691123 0.986017358232486
-1.0498582889673 2.88348607573285 198.647600307321 4.82860643721766 1.34259441590014 3.68062074097016 8.38277011705355 -0.308213654237971 10.3278814953608 2.43935945041928
-2.57451809936352 0.922100120323538 202.130173759222 2.60692008226963 2.80873342746517 3.65997885043013 12.6678936883135 0.801359543616295 8.33945290592541 -1.19255806390352
0.84811097703943 -2.13142770439317 200.184164719021 2.30522188924012 1.54464997391201 5.50717648159657 11.2089439067113 0.551321581860111 12.2721810993657 1.71556853418131
3.6175663702238 1.01877517506038 199.354455990856 5.08225642454461 -0.973059263019063 5.43914005028722 7.06004666283124 -0.548363991392043 9.94598244311876 0.907129056920012
2.90731504113306 -0.745949184267209 202.38538910655 4.92535350617566 1.60738849376383 7.02200848783557 7.85283789391178 1.84875260741484 10.7344190663386 1.31132463817886
0.572021630710313 0.10602874859679 202.72459813445 3.29753988544174 -0.0340379111514196 5.70884158891642 11.221026175795 0.969583999934358 11.0568486180566 1.96275906965265
3.3698747633818 2.00442036755759 197.225964581668 4.80847536617172 0.682137293530786 2.87944950037278 8.62171209451369 -1.19444465626416 8.13324967525881 -1.34478475710018
1.98779346529509 1.62225032090946 199.059992634276 2.02672226006622 0.237202523955338 4.43697753278363 13.3887348533833 2.15641251092257 7.78089983053057 -1.87187668925383
1.86769412113397 -0.888563005246218 200.432653164687 0.953614990253735 3.07356395836791 3.30868046664806 8.75210713527231 -0.730865638156972 8.49266109020753 0.858795385687273
0.826087027062974 -0.867067629142208 199.60504301296 3.74387009472541 -2.71928951501631 4.68470885501525 10.9397049561439 -1.34378103887171 11.2089972588337 -0.277055554340837
2.96556645528027 0.315389293778996 200.718922984685 1.87674750644024 -0.283024123191032 3.97233381840911 10.0987378004221 -0.620732056485815 9.21356794584492 0.517674289079596
1.19232381519837 2.38340772211301 202.410554509803 5.59000753299803 -1.70315057202712 4.44594945463577 10.496795284231 -1.23085900650901 8.63702679994955 2.32660641055783
2.50070196554371 2.02262764854193 196.243944980769 5.05684815203852 -1.62631377374843 3.1251055078175 10.4771706709273 -0.589688719122384 6.43648352119343 1.74577298185279
0.119771771906627 -0.396344639357079 201.439500103561 3.38762033935832 3.65393090233789 5.21139362035806 9.3168679158227 -1.05882406822073 6.35162322805388 0.611128722085609
-1.16516974456441 -0.907750140526831 201.314704639615 2.47743733009623 -0.226879771339616 7.04398791494097 12.7150222061346 -3.62807422045104 11.4138047971152 -0.828635072263466
3.86656838189543 2.40287603449738 200.343400173793 5.45473338809049 0.779315661353081 4.57585793841189 9.37971690789129 -1.34640550277997 7.749150738581 -0.0744912041553887
2.623987181261 1.17083701163495 198.70031378881 1.05429054748685 -0.78389291379635 3.37484857160565 10.0781968966907 -1.52775486234895 9.20329379072789 1.62557498045181
-0.700924181884142 2.26749591717086 200.323862943651 3.72980422686756 -0.614090018835111 4.31632974388383 10.1850856361207 1.5863608503764 9.76471287849022 1.56083420580346
2.14719214030516 0.80072858374697 202.773455674075 2.46921993125115 -1.24385060900374 8.10008988370339 9.03627658579739 -0.468829727795134 10.0157624105532 1.08091626474977
4.29237134842964 2.38216207934457 199.597346136388 4.45380869601617 0.345830690443882 4.01139602613013 11.1649745643162 -0.846554738370693 6.75646780103344 -1.50155926919922
0.256814517898011 3.13442847306534 199.55574669076 3.89269402123266 0.31653275048135 5.52636596593761 10.56200893279 -0.109439677841229 7.14696750853322 1.68006822227127
0.688841315370267 -0.133685648863704 200.739253575008 0.944448163206003 1.4647718869605 5.86446675549159 9.04512514802224 -2.68235621651043 8.50130381526922 1.36772314634612
-1.06397463209219 1.82359333643381 199.530287425571 3.72140600021109 -2.21051889095642 5.09962743536338 8.80434260048354 -0.903744137829833 9.48643581143248 2.79829156456078
0.304257838112609 5.34437389779623 200.644341865127 3.12066353607293 -0.647470512176051 4.42035129288183 9.38638352711121 0.227372526010057 7.44170729009289 2.89346301747376
1.00476981393577 2.34004939405097 198.657567873642 3.53678590501926 -0.590720622721457 5.98238567952454 9.92017160536903 -1.3162185392994 7.91690195238399 1.87851366704147
-2.36305757816359 0.452723262085923 198.523466904176 3.15781835791072 -0.252436282796345 3.72077507750453 9.45970268661136 0.869583047156699 8.81980273060034 1.2834324687217
2.26375389780871 4.13186800081106 197.570524111824 4.15718309888695 -3.22079198658655 4.70321346240468 8.81659862460548 -0.773277643258479 9.27985238347106 3.03198416228664
-3.15081160308532 -0.882945391633938 203.34900534303 3.85722140782646 -0.0661533677017506 6.07269965468757 11.4929271474687 2.73482058205261 9.36170663312673 -0.415563305203701
0.43813374881723 -2.20641987092529 202.645896576951 4.23396107001048 -0.91493503443521 8.2011606829968 9.92344389145083 -1.20827901788004 12.0961245053648 2.80323487403348
3.0099188850449 2.75643408671424 199.414790753467 5.63191423916663 -3.17430424141608 5.52771795740833 10.7276067939797 0.20329831296665 8.87393888684116 0.343162126313457
-0.968366948392423 2.99790813524328 200.191796132173 3.58152240353074 1.35497005972875 5.09285247111175 10.4152061359719 -0.880145901596977 9.17634404568642 1.25856124945562
-1.75127510506208 -1.64128202717767 199.100165917661 1.5745302303526 0.580046695476396 4.97582955160769 9.41830007962337 -1.72985149386149 9.54384510627175 1.08475222371755
0.312519255575695 0.663855693583939 199.409912900073 3.45626869403015 0.0191167252914667 7.44450319075869 11.1789179862724 0.251670408950546 9.56050495747117 2.21346411896459
3.23588614547716 2.02924223640899 200.162366272808 5.08691753355111 -1.06698099183884 6.96332167364649 10.7988161539249 2.96875167774479 9.23797892587629 2.20445994290505
0.714597808984523 3.14717385092557 199.9154237351 6.97730553893689 0.899372495202233 4.80478648363705 9.89601689865793 1.60672613412233 9.92951515157703 3.1069701771466
4.17420302231423 2.63083397845665 196.493251407361 2.39744147078675 -2.09295842940205 5.73793728183252 10.2787463295848 0.963249234627649 5.3766616334207 3.33946391903667
-0.752165006527848 2.18255196757462 200.309582682654 0.276823836719553 2.66897919621 3.10661278876936 9.68438161282012 -0.271003173769123 5.78405796287168 2.1826941856181
0.0763024921516068 0.816632842064233 199.858121162335 2.57854459532016 -0.0860790046032293 3.90382629626473 12.2680299468748 -2.06232508128539 6.26277123181384 -0.953811538412223
0.220287514647465 2.88408014120452 197.959122190689 1.29581259424522 -0.607060121672984 2.33852435273628 7.13885331899242 -0.647129572687239 9.70289049443296 2.04744596740213
0.803733788509995 0.680856972907048 200.989539194419 4.76580608453885 0.653073392130946 5.22196639012847 8.97152757838514 0.45236470598572 8.00263768072112 0.803629877036852
0.607648462698327 -1.61758451188418 201.140238391124 4.78027854627089 -0.225375714777828 5.24198952769497 9.60415236669972 0.143547290634323 10.5527693984198 1.50818726894456
-0.286324106015564 0.51011434655762 200.775066903844 6.4772733420415 -0.646985131566401 4.76843727151685 10.9676763752626 -1.05829179477371 7.74078564184298 -0.172434835798656
1.80340367676127 3.04536097245385 200.427484933521 7.03775621575486 -1.16870277855057 3.95730964321143 10.8568868521508 0.491617246177339 8.21854839300961 -0.320818118654106
-2.14350891713043 -1.94625908325863 198.015530835492 2.42021602310059 -0.795672102505449 5.1506641999554 9.91471473073891 -1.47331014907766 6.19780466564525 -5.22249046074728
1.22235583499194 0.92261448917835 201.885570516352 4.5489374610365 -1.8165910550187 7.02489699179823 11.6437172220223 -3.10758086005344 8.64410560179967 1.43785866114798
1.32476770539019 4.56930869742572 200.491492325684 3.84545856006004 -0.051760338888061 4.17196342166853 11.8043442224426 -1.07785360624196 8.06763001310267 0.89152321360035
-1.99388922610498 2.23566076653588 199.06878172529 5.4735251782042 -0.767309429181571 5.18222828322974 9.0395685307633 -0.773689723782709 8.84459903997415 -0.873347013666765
4.00562715417679 3.31515829932082 200.721926791075 2.74296228254239 -0.389473278258406 6.86670823840851 11.2624917938772 -2.20639066514683 9.2073807840431 1.92863297792296
-1.66644643666932 0.646183373128402 200.94270118632 3.03911251497379 -1.00768241094099 4.11650831470679 10.1138323182788 -2.29051089042353 11.8351410058818 3.1900856840591
2.6692629169326 0.161703505541195 201.406393397514 2.67933196173058 1.03225299308761 4.67093168547469 10.3332326663442 -2.42700773812857 7.76814418111415 -2.03612755759644
-1.55882393465735 1.11315986517463 199.986788789914 5.63898310287678 -0.236870941790376 3.39552889987506 12.786176221836 0.388297825130986 8.7187327290243 -1.54977013035607
0.799450616764417 -0.295226895699532 202.230898699579 3.63578542856771 -1.30357296300313 8.0728190197022 10.8728997231594 1.36007155079951 9.20346563312707 2.36015481316475
4.17149465120618 1.43115604143324 200.847515666488 4.5507535341709 -2.39129917715182 5.98582162703048 9.91886024490709 -3.04729421974661 11.0441729369471 2.10193543984234
-1.15607430800675 2.72575676700967 197.40952368149 3.74036121236691 -0.201413838406655 4.58913254899084 9.23436963895223 0.331933503901734 8.0410736990513 2.77810594673433
1.5364861344274 1.30441936603042 200.37007083754 1.91145278070473 0.515752760296609 4.06641108647529 9.65274079088827 -2.63083939023845 10.0501017691299 1.31067369064744
1.455866513538 1.55972290176839 199.137145357888 4.97475524945369 -1.02745318387424 6.19319332947119 9.78812679125519 1.4144774249356 8.56133605419703 -0.678192686935977
-3.69838236882338 2.54147680700194 199.822312425111 4.03986629080351 -1.90594172427462 4.40139613783845 7.02766195270507 0.531966266373877 9.81273640078355 3.6048582950808
3.53924375793167 1.39957163277036 199.443930638058 5.42554902541355 -2.36700245418645 6.60515689579685 10.6425650649382 -0.169827042126577 9.12597775812371 0.44263769574007
-0.700319161640138 1.49977705897392 199.793623122123 5.85453012494943 -2.13865606068391 5.56046056612367 8.45711178286701 -2.66042899017708 9.31443836352308 1.70793270481829
0.330707946543229 -0.0140574025977962 199.22765864387 0.952570298135109 2.8359464357347 4.15752222714797 8.18610111164678 -0.542232866022187 7.5510998983962 0.151715403149293
2.18087274678174 2.42612873654955 195.533345138437 5.64990635813871 -1.58766680074623 4.01863759624412 8.8332013181399 -0.811509056896524 5.11582881123766 -0.136938581108174
-0.611875284539446 1.37769444626062 198.907134331468 2.67501059894937 0.0133928661749723 4.30168295376679 10.6143917545565 -2.34183612661654 7.81029579267091 2.47683100206354
-1.78709968078651 2.44430393540228 198.869669526878 5.06250880231396 -4.86021206283669 4.9211801528065 10.3483568487261 0.840139779634049 9.73642035162064 3.27520128220226
-2.33691645201966 3.11277262296077 199.464459493518 4.37067009498986 0.355837485145904 5.5782936168489 8.37154558192163 1.62002431717455 11.2286087611382 2.60756668158405
-1.38431302234616 0.957868359904159 199.377810518109 6.48628748448548 -2.77679528007107 6.87735824815141 8.16689117272454 -0.390674886962406 9.67375522632108 1.04627081776374
-0.460372455577308 0.888181040137621 199.138158765929 1.90193328550579 -0.222620350308497 4.07931028680581 8.3677363214979 1.17595052981491 8.87355392097041 4.26121028620423
-2.72921137134984 1.59397638960946 200.865651095656 4.35855887558507 -3.04136629837372 7.28419831881677 10.1827269937539 1.1878387905683 7.79543235137761 3.71386419374776
0.884609633910261 -1.55639728350084 199.882110273149 1.49056556675098 -0.997033472867088 6.65618013789769 10.1694057631436 0.83106979542609 8.93385238504134 1.22490008379263
-0.421512808083598 -1.01176030702228 199.594914867715 3.40850068687082 -0.486720963972592 5.35095361674958 8.3588521652834 0.206081328411643 10.1198925421735 -1.62715715547343
1.49260074416858 1.21685589065496 201.734555138062 1.29909416819755 1.46939140348116 2.05627506243148 8.2960893804248 -0.568044927528322 8.71731649179655 -0.995465661162431
-1.19808963164661 3.24497534074918 199.733630708716 3.00326236833833 1.41848501962063 7.61263639839532 7.45940197146591 2.20764805111237 10.9738734842121 2.66143855082309
0.792898553173111 1.03607485138969 204.430653858889 2.83928647539401 1.5377324971189 7.52841003891549 8.43307148491741 2.68773751529786 9.74916512443986 2.67096312854261
-1.30354249834204 1.28506214746546 199.538662579462 2.25976353560354 -1.27325155300923 6.09026330797631 10.5053935665173 0.752289948261847 9.17910356691555 1.00381228558176
1.64269721722058 1.707352870129 199.616180689973 0.183173310110223 1.4450049688016 7.64404677532861 11.6875423984125 0.0360740390389847 9.48800456441696 2.30793590109751
-1.01773450987335 1.45793549358109 200.82937684273 3.45393328930864 0.722394005714889 8.25102905454165 11.2725350428641 -0.623225927135699 9.74625021437742 3.06041655896527
1.71472776451243 1.84071430638904 201.450911753895 0.133238662341951 -0.349525172202739 5.05240707871707 9.96333011226084 1.72558551794589 9.97451536100796 -0.230415182813748
-1.51607220570168 0.916295884811583 200.686270868861 2.94536412597896 2.38913408881422 6.24934068926206 8.05091518270767 1.97992229676736 10.7483072971092 3.46580913193184
1.58655844371565 1.34616550239662 198.740102137293 -0.829617289400116 1.40679212933672 3.82419584007143 7.22069736981723 -1.24454594006856 9.23166276352995 1.34964818963993
1.11197644551712 2.84211079987592 201.206478820658 1.08087827963714 1.5228664432764 4.75974454929063 7.51577278688156 1.89297152192374 9.78384607548331 3.72744508071212
-0.107245645971549 -0.0425347945042329 202.751853643043 0.72371818445949 3.51320385036163 6.79674189209375 9.24408241901647 -0.0844681049813603 8.51527565479882 2.27379531103391
0.800634865553235 1.38102335269821 202.229710646261 3.9619765667749 -0.0594828869369828 5.91636241648622 10.4728902715873 2.59154049762952 7.71125389879516 2.84877397024848
1.24111819716795 0.629051902322277 200.16715257227 4.14761307988092 2.40105913912109 5.20608286838655 7.78463277759535 4.36510634961873 6.12729229259961 1.91525835058121
0.188369726106723 2.37313520999236 202.194859966977 2.36258178988459 0.150335745266008 5.09735721186751 9.39984822973621 -0.181915164881467 7.18573993269649 0.566773987975265
1.90127445601581 1.27344605940109 198.402352037618 1.9285558644023 -0.310542061861332 4.59676762921094 8.12733212250782 -1.42760701309305 9.327895858034 -0.821635570183855
-1.39087327152681 -0.326544886616652 200.892706679252 3.96475995593152 -0.784810425878913 4.53054567745969 11.6389758285193 0.0184460697029398 8.78434563254767 1.46089642443832
-0.0467059165152987 -4.52743250950165 202.086126696075 -0.736115993721347 2.03089565868136 7.45631966080249 8.44819330698228 0.668988464780407 9.91199940027408 0.66662487601996
-1.09814972294134 -1.12067564086049 203.166410825855 5.07897153612311 0.115971836532949 6.99538191791094 9.220763302169 3.24218582409097 7.94979097124664 3.47246486923727
2.27168983835831 1.52015277241885 199.433603942611 -1.27273737119911 0.699258596115528 4.36497830059457 8.02468938573202 0.164566924773915 8.84276719435336 0.503127553391877
4.82618048227732 2.72894052014988 199.865428744615 5.3671671584804 -0.0470338300705734 7.01319324518171 7.5192044887905 2.70462581165852 8.93974218036522 3.44720885915265
0.590865820924129 2.63767749303407 197.754266799534 3.05990907089525 -0.138881784050119 4.57791828222276 8.41594862627404 2.17912791268521 9.32044958064736 1.77262202330783
-0.39885138481065 -1.68007345652216 200.190996712792 2.07547918078261 1.58137250777651 5.3997299631352 10.0998797347061 3.23129731054627 7.42275591730442 0.523927350294525
-3.14296739180981 0.335293479633851 199.003186050062 1.13339044541876 3.32270357477429 6.35822404330292 10.3323671700359 0.501491385713557 7.00612887187832 0.94604733512976
-1.05896064944768 1.92329785626961 196.268198081056 3.00029655383382 -1.43036784029911 3.83197234340632 10.3253374392741 -0.441027075540198 6.88788885211309 1.10798078355293
-2.45274175394026 0.333263830717355 201.829926966361 4.22773621609402 -2.51262207307595 6.05976217980754 9.64485246187298 0.367076070440148 8.16681527820682 1.4852206937152
-0.0225402029461256 2.90937505951435 199.409543239401 2.06102269888254 -0.897428233122055 4.43257381594779 9.46459688836742 -1.40308122129834 7.05340455959579 2.22515102022807
-2.49541961266624 4.13093411970704 201.31094043533 3.33241283784929 -1.27197121390548 7.04946872543041 8.82608884530993 -1.19505026993273 9.46273888495026 2.84415443751211
-1.21340970278796 2.55456659465976 198.064790832969 2.97277786956934 -0.315269281145149 4.07851854010495 9.71081581101185 1.38215306104626 11.8552900956376 2.48144439496309
-1.11833916075953 3.86152338924657 200.671056937268 7.23781055708382 -1.63776375442383 3.48473337122676 8.41177462705318 0.641657061949717 7.9422030847135 3.03327472362883
-0.740086174627822 1.67991262072097 199.581546274454 2.79928751368475 -0.344365107949122 5.15302981116586 11.4231014667126 1.49490893042097 7.32875560640781 2.0907675611267
-2.12479967813127 1.08200032807852 202.744739957759 2.59081736949077 1.32131999151802 5.04151704489277 9.72679201577875 -1.46211848981912 9.56413932740513 1.9973223791024
-0.0882533775440041 -1.99877840133071 201.697022797868 2.48474125071567 2.5399802248982 5.20626107371562 10.4109363323206 0.88021058143257 9.30980694199193 2.58612412703436
-3.76682230295749 2.03182461736175 198.486568566795 3.11976724865605 -0.604993739569474 4.48550594998212 11.2309711547633 0.943964298528563 9.88496083423348 -0.132189340788159
-3.15354012458253 1.1355756877946 199.772673112792 4.44932666637041 0.988065864945429 4.25808887886531 11.1485038000277 -0.634394571643967 10.9344689918136 -0.261660719288699
0.44935584479554 1.19283085305556 201.512889267453 1.80256830150193 0.0665680993382491 7.52909882315673 9.46403726674815 0.720773614587005 8.12612218314777 1.99996006350256
0.650791598103069 2.78415796114691 199.313303401768 2.41949381424849 -0.97820749214406 6.57292541915863 9.1332362149586 -0.0541082858538423 7.63150495144341 1.53612715919869
-0.740315563067551 0.990284980711146 200.038292978931 4.84876032515325 -0.60303972197139 7.41207745155809 10.2597887275255 3.06679117466593 10.7515523543871 -0.52055667499558
0.27675484603282 0.84900104961534 200.016554689225 3.23718664816405 0.582152326868187 6.60271660794626 12.02485376664 -0.340778428598419 6.33590618382987 3.06287401146978
4.35219853349087 0.297312245849463 201.624268994279 1.88607752868077 -0.0472580496067009 6.50533745716053 12.6386100369273 -0.161700908269104 8.19975180789605 -1.95040245699095
-0.141506597870605 0.745417145759042 200.257991388403 0.231373773785134 0.155758102356574 5.57237567910352 8.32115833726949 -0.874628075048665 10.1846083932505 3.10941169004825
0.24353455756538 -1.21734854920619 199.958842991718 1.97980407697297 3.49581097021719 5.96987363474704 9.91758888575943 1.58663535400771 11.0797147855356 2.03464885180571
0.209712422419791 1.66912714891314 198.574704677248 0.933223634206895 -2.4626641923452 4.76682999374893 9.91993089401212 0.0377247164927327 8.52970106868579 1.38194801677003
2.7475243892932 1.63558923195957 200.835640305521 2.86873562977805 0.703427919535236 6.25200662313961 8.54263029802686 3.79333468242423 6.97600735956224 3.1113944573997
1.37012952335298 2.37905776180181 200.781957844753 4.85787604203904 -2.79832559094289 4.84686927713703 9.92140582456886 -0.403810479901604 11.4121408558755 0.271855793734616
0.0224947082983248 4.15744690275909 201.417060303728 1.41860293250682 -0.385421356615085 7.17689917353761 9.24253859838935 0.770717674089986 11.934038178754 4.30214398588324
-1.15558195579577 -0.576566666545203 199.325784694567 1.06695920868609 2.30364581571448 3.13600908248515 8.75890599156588 -2.02892992512038 7.73343555316115 2.4543378743696
-0.979894233600087 0.706294069244667 199.700977908342 1.90507828555463 -0.968000471400108 5.25789694583538 8.9939324572386 -0.0385282625834457 13.1329999993052 2.03165125208994
-0.801575709809278 3.02189551268957 198.4813300951 3.57121240819925 -0.0752785623621837 4.23264998933916 11.3186146581493 0.891390192161104 8.27604431073148 1.16686262470232
3.10660955040884 -0.839045295828957 200.62466531037 1.60382119968268 0.71200555827695 5.83920223169295 12.464741499992 0.410384786689286 8.41172316411973 1.03266151157365
-1.23415464322299 -0.789854824910794 200.561653802331 0.374155251212875 0.183938162154472 4.53716112013465 9.69601917043837 -3.1464813944423 10.2071333209132 -0.267020473767253
2.36322508689192 -0.70781554079829 197.436036302402 -0.427853047072254 2.2895194525521 5.1120785513762 9.02388999174466 0.527323671419046 10.6048054943451 2.70852286055939
-2.85138466820623 0.563578463141936 200.964327685093 5.35885383004639 -0.160452565757207 7.22199072679028 10.0796594100635 1.06553452290432 11.8560207385086 1.50814670388425
-0.390849480880437 0.449666187717707 198.608724895735 1.79261612901635 0.975026845479416 4.35733343845932 9.00240954500324 -1.21996041985783 8.97453645991316 0.306365734747749
1.95799654325634 -0.472756647635562 201.771211854368 3.47469879528854 1.10744336721517 7.26218797382136 12.5882381961808 -1.00347763065348 6.84973462542297 -4.7414119740794
3.02771155396285 -0.714911980291651 200.661879605658 0.964816414804349 1.32185500327814 7.48661442043836 11.2543676350005 -0.499050717318648 10.3676170189151 1.27245286678083
0.648088809717785 3.06831767663743 200.169519078032 4.6299501381205 -0.20974826907435 3.9874429459957 9.54401810329038 1.56231094114179 8.81889522532731 2.15729536510069
2.558952826465 1.11739065062905 199.325276756604 -0.277271552821439 -0.95318226845485 5.32991735140169 9.08439859118045 -1.81915215383803 9.44376491336649 1.62157875244878
0.459937988942546 0.0338162728925918 199.793708235494 2.49649168893192 1.77925584493756 5.14814637859826 10.4054375935778 -0.926510056020825 9.89875167993206 -0.303602389663242
2.02987872607998 0.323773176192361 199.090998301367 2.81407143904681 0.342651715140543 3.4340888882927 11.4223366841148 -1.62471487130521 9.4425282486393 -0.109457977553735
1.85838519427516 2.61662635976609 200.664243263594 2.33779636648278 -3.00450044643424 6.37789684599431 10.1869374457625 0.00646065279935719 10.5103227913277 2.19962954078059
1.83008702633073 0.534698366404245 198.781140589693 0.990407820447173 -0.114468387042856 5.10947941980947 9.45129364296621 0.151226846187159 10.3437356631124 -0.313065074363638
-1.4817829305306 2.819959594443 202.10089515404 1.04143207683164 2.15798833900952 5.30491826233991 8.54455344213866 1.05764907360122 7.83108356773688 3.14275062752256
-0.372709407369122 4.33135105324705 199.082558485838 6.1616887225411 0.597641531744836 5.22033129241916 10.3231735583526 2.80272558891567 8.85011913816366 2.60870699403639
3.14169944045396 -0.111916576752547 198.182514599733 2.95723874119926 -0.591912225824705 5.61982942609356 9.51968122353344 -0.459658671687798 9.54206558505671 1.0545493091426
1.19063973078512 1.7600359715505 199.379808194414 4.56979730956895 -0.62997651480695 5.87368046491202 9.64229241039739 0.235302076475192 7.69552878020653 0.208947805299924
3.72193471700546 2.55896949562014 200.872404033808 5.22051010794212 -2.90438107739611 6.14038244416604 8.61744554431667 0.121250779142758 8.26601955055548 1.93801279471799
-1.89042632696464 2.40547645829461 200.705326731398 4.2804883798633 2.56854128821179 6.53394881285361 9.19272669905853 0.608915551458298 7.7232219856171 -0.0111547204981604
-2.36844531801944 -0.5702043406619 200.084368133029 5.05323523163099 -1.21779286504246 4.48916335059177 12.8491138244484 2.30967223632823 7.56108463281472 -0.635483195791994
1.5941106099482 -0.556687858539639 198.678253852358 3.64976727781374 0.641418321122936 4.59803405752372 11.0269113032187 -1.57078277248012 9.563369453495 -1.27851670991286
1.83164983260279 2.92910883800637 200.737036399134 4.37457921184071 -1.53523303577436 3.65571847416345 10.8208285735596 -2.54395459306894 8.57617772937737 -0.695041452233021
-2.43848682047888 1.15460584798936 201.302024282887 4.11979545686746 -0.265610194012508 3.0487082345219 10.2895864038685 0.33226766049974 10.4123378689558 1.0906804397372
5.87908406068383 -0.0780180175355196 198.137903512898 2.25433992477236 -1.5236379061437 6.43812425287613 8.81990335280944 -0.675760086806915 9.31949804320864 0.137078679011469
0.899600858273446 1.72000249655108 201.042469227588 2.47735380245454 -0.0508593992761796 4.76743952129596 10.2220423403506 -1.99437081361349 8.63032320103817 1.16544032954793
2.24526488724907 1.26998012468427 198.30493183548 1.14397119450357 -0.698034467289242 3.78301172980722 9.2033413536231 2.08676823859364 9.78353491773495 1.36230643988453
1.99735659875908 3.95938651892784 200.182751919702 5.04069379102116 -1.95137979324253 4.21839224388508 12.4655034613238 -1.19205782857275 9.24115841635353 -1.33509985764692
1.84664363708412 -0.669885606190827 200.368150347255 1.78747477804318 -0.148743184477123 5.22094023842093 10.0671595372408 -0.139792726888277 9.69386013604027 1.71393320437901
-1.81389598754771 -0.940697390037176 199.628810608366 0.816414863372951 1.04698627045807 3.9813005823507 10.3973353670925 0.480020147335453 8.22459967507124 -0.092587013857351
-0.310690469268247 -0.580881015802528 198.713821809574 1.08633838027601 1.6255906132722 6.20967465512404 9.72462783813527 -0.153735081514363 11.0516293710055 1.29750450876604
-0.704985539919166 0.615308316657633 198.986260435358 -2.47774895054752 0.221379752661676 3.50991497498748 8.85109865158294 0.880037018872099 11.5649389448119 -0.0757805452470515
1.27789675395922 -1.6952439432515 198.867123622646 1.71527874058079 -1.49674207665137 4.47468249393596 9.35888131783703 -2.09401263429223 10.9552087225943 -0.611203732115758
0.664678372996274 0.235164478712433 201.611985652889 0.687672956971868 2.11178743870537 6.13831568785575 9.98810377719401 -1.24837905796383 9.67299672626669 2.71019686078143
-0.0328173775906611 4.30304413461276 201.009516710911 3.69459694793605 4.29893114353998 5.12392385843554 7.36532277084505 0.552309159295143 9.04840265893529 1.11205264487486
1.90609353342596 1.36262241129546 200.428843452654 2.51265910724259 3.19578524617324 3.9984959143994 8.52453473518511 2.65271919646532 6.9987810589521 1.39827510503699
-3.4214984182814 2.57768496711537 202.897601451302 1.39413944428183 1.14240126729855 6.19962309033633 8.45753013975488 2.0343356106483 9.99997775647548 2.19293746114406
-0.155499178810664 -2.34304120595102 202.611652521247 3.0561233321124 1.63223151653921 7.50077078971592 9.13194730900215 0.0513384923467717 9.41349318274687 -1.52511636613229
-1.64553128926647 1.04948113431139 201.741706697826 2.17476009567263 1.62215409025993 4.35261156674724 9.61487193585143 -0.25354663487815 8.66683563442543 2.00930519773726
-1.53936056638967 2.23287762810991 201.04794340286 3.98842274298326 -0.532774064399078 4.26610645661161 10.9386604911584 0.920129037891365 9.18037673457559 1.17288680393626
0.57359771942613 0.173376401861816 197.726881964506 1.37548394016399 -1.27732735956735 3.88043476550919 8.02785606804229 -1.36010514769506 9.41050477237881 3.74391422338234
2.5904815993431 1.41150317930758 198.352724777623 2.70408805607455 0.450112385677158 4.83090015623223 9.80686916675647 2.93466553408531 7.94289154541657 0.884477424151444
0.513408468179199 2.20457245157145 198.702461707657 3.34994328682783 -3.13397137018192 4.72331964210078 10.6113389970894 -1.149073026254 10.4130177312711 0.627378195429249
-3.08935573977921 1.15451353795943 199.584190321432 3.78945814565651 -0.802068480060543 3.70853067511227 11.4215127223277 0.136795654756543 9.4065286693349 0.0282150434174833
-0.0248257208696387 -0.782483444378352 198.473208022359 2.88742722716926 0.774542649902721 5.62466626156516 9.42824589101847 0.408302560168961 9.32394046529989 1.78408629110957
0.72717935147303 -1.50244758276414 201.012953044713 3.00643973364604 0.793430391332241 5.38343494542388 10.9064573741438 1.95964072095285 6.78660029228706 0.544624663813141
1.01399163415018 -1.35567020473272 200.894055980848 2.48642840869097 -0.656279783321792 5.05467323827221 9.24723831359274 -0.024768787144815 10.1165119281692 3.45363346548517
0.940398897385825 0.617439635086287 200.229858630136 0.431916154674632 -1.45696388045167 2.82830209710728 11.2103459817574 -2.5381066417432 9.20528391468899 0.528220028332344
-0.890013859614332 1.02436852514323 202.31540048167 6.53954228378913 -3.30672250488399 7.48363148856514 10.4263318449438 -0.397874227960464 9.59394467919497 1.99133767976119
-1.63574489804271 0.258599961540604 200.845781344318 3.19124376295636 -1.13349478851379 6.82870123153933 8.16143085320737 2.47069193751115 9.94543832109247 0.865981969947836
2.37351284445424 2.52381694074837 196.858554850687 4.40405905085972 -3.69343778106468 6.65872579140962 9.21468784963489 1.87724993671052 5.21652514843978 0.706799309050533
1.29778135885397 0.374414357376828 200.741289993773 2.83344055427091 0.058097031381977 6.15449882157617 11.2752571475286 1.39579569350462 8.43196457995073 1.08791717914463
0.499744513349092 0.994279115501789 201.81210632062 3.55038397661064 -0.535115470118415 5.56681761785546 11.9763755006875 0.886362942497357 6.05509413202436 1.82848328240919
-1.16328068394135 -0.338125862857771 199.276989153256 2.2376202185551 -0.843788614269949 7.00110654178548 8.98333441314424 1.03187710422126 8.32087062632738 2.81180862398284
-3.60287485559046 1.31165650547093 199.698135723265 1.92735398839384 1.15108898993741 3.88372227195393 9.80160795983024 2.2666823174583 7.11524982860679 1.72027460104435
-1.36368301080397 1.18177027166116 200.034009750881 2.75847683486969 0.830502832155247 6.14545708799531 10.1162014044638 -0.284397058366709 8.75110598447353 0.299207713587923
-0.104065066461085 3.57239904918061 198.848279077067 6.88184039238088 -1.35693190636839 5.72086126323586 10.8528154870962 3.44909715651252 10.1985193875653 -1.23581923402945
1.75593438443511 3.69819413772672 200.219489568807 2.13841558724997 -0.75591039861333 5.31522931094874 8.6422386893798 -0.297662824339453 10.0954824949433 3.13412362659006
-1.39708525485688 0.603890723203859 200.791884948263 1.63980002640973 1.33186485121914 6.00460064808152 8.92080428443411 -1.28562677983313 8.51286107389506 1.38701704255218
-1.2079775751157 1.85561974516627 201.591988643012 4.07634168927846 -0.654144107881349 5.75597469962884 10.4752359987745 2.71166035783593 7.85688092651289 1.1858965580266
-0.841043057596853 0.906089002517341 200.529044181488 3.37770927574525 0.395791578841684 6.73308842367908 10.8343462928988 -1.5130346231726 6.47612945519891 0.10926150996399
-0.126271939289272 -0.790336069132425 200.662580430513 4.37295390184355 1.06709528908043 6.69209429803078 13.150937723995 -0.790624641705224 6.24619465959194 -2.47216926784831
-2.18618801712847 2.61190871401453 198.726666195583 6.61791469687675 -3.13001426225303 3.58322179624651 11.3698428822701 0.473367488820151 8.73764832351833 0.850986203049531
-1.8546502105985 2.358345045283 199.433977583688 3.39258976129439 -0.886919570019103 5.84812134467778 8.36896847947254 0.98030764191535 8.83436175474888 2.6511584264924
-3.27194593297488 2.20955705701417 199.723785987652 2.9606864561055 -0.311955705146036 5.75975714663459 9.90785132304806 3.49218667258664 10.7941203537617 3.24600749229289
0.2161881456671 -0.525310557633596 198.361323076741 4.39745746131648 -1.19451425271368 5.79472504317196 11.6451940649961 1.12289443183052 9.40196660991468 2.24563555711226
2.52934472183082 2.14403105307635 200.838976230053 3.2441404337904 2.72007180067024 3.97545746909929 8.12102313212358 0.863088617851788 8.28061246407275 1.45402777993305
-2.90847074266141 1.23687715493214 200.472887909751 3.10425539823945 -1.98824037111891 6.76378542494593 10.6982606098073 -1.04069130676201 10.1862877601245 0.0611093423112702
-0.364812979955439 2.51077319756922 202.105391866046 3.41438340476845 1.64608597983259 5.27837647725866 7.99042450316933 0.0443038055254773 10.1851969449005 2.78669448142344
-0.309082889820034 2.51660409445544 199.953402887822 3.51570464411812 -1.520454272916 6.72753145538368 12.1421716162511 0.987441115122707 8.63999391696214 2.60271316044467
1.9249124334638 1.16094707206421 200.354315867441 4.63560066741399 0.716750757435657 2.04549613649468 8.85979388754323 -0.385773194167818 9.40524114485628 -1.02004403573646
-0.82356005288041 0.393324736079044 199.714284515393 2.9988300363722 0.663255742259438 6.502964236616 10.6414247925759 2.18332887071522 9.71376549315115 3.85962095762006
-0.900980972468151 1.76154760171543 199.775014036406 2.79845666183493 -0.399566403144399 5.86129933810442 10.3871535958312 2.10704854608563 10.1615829495367 2.90195633148917
1.51626158017644 -0.55719455408409 200.684063608914 2.29385468822211 -1.00454166388998 3.76504928843554 10.8812399178519 -1.83419429001261 9.29843326608438 1.0929297209478
0.446290247804446 -0.20906198775453 201.257851368959 1.14757853198235 0.62129118219096 6.98820651161006 12.1004387137672 -1.27417836460154 6.3386559639187 -2.11693678277537
-0.425385906182632 1.59106289695662 199.886347948977 2.60241243043942 1.44057841123175 2.94488332730888 9.8442505899971 2.7128145001059 11.6275704167745 3.83742070725276
-1.38782730594037 3.85572461227805 198.910912485435 2.5474376392904 0.727463190175828 3.4759566399429 6.24649689481051 -1.34833942894594 9.79435035091168 2.13277436136693
2.74992632525366 2.54053230047434 198.326220792756 0.59133821881438 -2.01982232729555 1.67107535349867 9.30247628559245 1.19044831402831 7.54271846677631 2.06650191740999
-1.40002271534237 1.39993327879147 199.300156362374 3.47074833415401 -1.31161554556224 4.58249314301297 11.0401620861397 0.57886506864154 9.90081617784228 2.08361606057967
0.790839311735935 1.59201561931835 198.464684701485 2.38378732176866 -0.76584407767741 5.04965357905749 10.3707573066644 1.6297370878389 7.07414574881468 0.432897113788827
-1.50272081290999 -2.55452483414009 200.097468247417 4.39787280938998 0.22805494135078 7.25990179709698 11.1968030547119 2.23441111400442 8.61493501237994 2.5111407986724
-0.755619782471686 0.956096062152599 201.45025958894 2.72910755574941 0.396052764303639 5.95702501411589 11.2497498372569 -0.00356023773642969 6.29369272521277 2.15004147787419
-3.39082932976745 0.0384561627719013 199.792895645061 1.48745486540455 0.485867853822112 3.94803270737396 11.0202767442927 1.63414928524974 9.25556854936189 1.93270829927148
-2.67385539106449 2.29546551703553 200.709798629673 3.05404155931491 0.084727548243207 3.98903644459363 8.03722527374324 1.31667033267121 7.16399445129773 0.296887355295799
-2.01627503980477 1.36098286492068 199.303451981321 3.08176279686117 -0.428981451955743 5.38356047663493 9.21032946351707 1.45643136790702 12.2631959076237 1.97139804707596
0.663192973991212 3.0511118423406 201.630977175502 4.00095303798922 -1.26844464760429 7.27490539584902 9.3044381592596 0.989387387445983 12.2068151263631 4.45837037887019
-0.373072887454955 4.26506980049273 201.689629944217 1.96238826779349 0.487860586486603 7.65393270163853 10.5364535297281 1.18454265800238 11.054175420405 0.541346254773587
-0.646556550784565 1.43448280350392 200.192425719386 0.263877557526469 -1.5159661927865 6.73283998596041 9.34006395588043 -0.351587295261034 9.48165369636533 2.79773822373718
0.863145955608702 -0.127314140924179 197.945359061539 3.87480489304155 0.350663053459582 6.82894029369386 11.7207487653816 3.22078406645937 7.37194824084701 -1.6348534171514
-1.40065671091677 0.663073842280577 198.826971296775 3.1898083881169 -1.3741253696941 6.76049024665116 11.7024943863932 1.28549994179421 7.23258409257175 0.442146122400371
2.19104676494815 0.807598055057161 198.205131236147 3.69294781666381 -0.150393605364419 4.16955694464128 10.4537232602777 0.312854742333127 7.95420373716036 0.729201640830173
-0.765639311864131 3.97434696107783 199.444062918292 5.13149629684312 0.719733278430377 6.28920754429804 8.53227473393247 2.45470790935209 7.29462285638398 3.6590044031802
0.768472443579327 1.38968409755039 199.912989362881 3.67115124445204 1.7816523902337 5.14637640607153 8.3368742384243 -0.882666280806912 10.0421565977768 -2.93992052461827
-0.0289636370399073 1.2999129980602 198.596771407283 2.7918404922646 0.270177607098258 4.06443117900081 8.97022440928153 -1.62406967724808 7.22557647703415 0.546542609188103
0.0706009202181967 1.73912054671638 199.818406580029 3.89522477297291 -0.579043175538945 4.3507905422947 10.6835479641703 2.47916278778317 10.2308303640409 2.24412531896209
-0.17416531258788 1.14698913839384 201.360630512038 4.93884191958738 -0.365904369049247 6.91562124285896 10.3517086860028 2.08744519244283 11.4432568799836 1.91365116356394
0.529638787537433 -1.09680743029201 200.236333083186 1.41990983755102 1.99854840209606 3.51543064622409 9.72538903077359 1.5683933316773 9.97879068092637 0.722265883920358
-1.80492692059455 2.31724154638619 201.212628744685 0.938302202991825 1.81786871143801 6.43955065867194 11.0590975505206 2.90095408762977 11.07085283987 1.78365692896232
1.49363412272063 1.8105055309513 201.782938509783 3.3560080844617 -1.26044433878748 4.98559497605542 9.86336053883656 3.11372272657654 11.1911319078339 -0.962308480246408
0.918570987589184 1.47037953876549 198.830452774672 2.93001805343254 -0.477307729999001 3.97436217606676 7.60715919999555 0.580047609923484 10.8190605754749 1.23143219203093
1.17174294084595 1.42144055999246 202.382244873509 1.83573456738411 -1.0517837107203 4.91097802311704 8.26064097830849 1.90700102027905 9.50015564175954 2.22042935111356
0.177393469877328 1.5377625078258 196.386592020283 3.43064972199557 0.0424582370123645 4.40353329839346 7.49442290366841 0.610825841634401 5.79849059271116 0.14790786813257
0.410963416308237 0.679293090913023 198.381392867159 5.83584303173064 -0.0799379848396055 5.27444299600131 8.56604454960194 3.86546809117413 10.6821839363669 1.956134589213
0.344217163924653 0.153184903717724 199.845198645664 3.19361604772493 -0.0358954736693197 4.97981007250757 9.89036524705748 0.0840698348725698 7.06855726819775 -0.36446907197144
-2.14175464281401 -1.43045081956186 199.768660354563 1.13157995473425 3.28053570437946 4.36609297601998 13.2236804159434 -0.0393145896302238 7.49440469889708 -1.64332375693235
2.74261777432006 0.087131471625846 199.975384763589 5.22677514306264 -3.31127624479076 4.24526144391803 8.53710308171363 1.36952782204483 10.4241918491205 1.35029600692691
-2.31283170859831 1.15657189734159 199.390464076097 2.83458487565553 -2.05711718120703 5.7903072189508 9.50619223334739 0.0135931348727117 9.75069840531108 1.55290842854946
-3.01915051034718 2.26552052510522 201.544838460757 2.29836783354279 0.0122413332160803 5.45817668551582 10.2932809745988 -0.54446812222921 9.45733798577205 2.09234764889617
0.882339913120801 3.64579304450391 199.245297977104 7.14229332926263 0.431434076263237 2.13464119214031 12.2998549152365 1.46832880289457 3.93824237130426 -3.23243337507969
0.643119962569737 -0.603971708630219 198.264671675867 2.63209564375299 0.435030744835809 4.83584551268004 11.7578049361725 0.386610155481853 8.67959476001192 0.864970061328396
-2.73547577613364 0.662404191780476 199.556590228032 7.3433578688816 0.93291292251622 4.078418872085 8.82896644685469 1.09495193509991 7.58605358976637 2.67335618984213
-2.0844807244914 3.945437963592 200.242282754653 4.78494378618988 -3.53907237338879 7.05463763563549 10.0680428239597 2.47896072052252 12.7341142769633 6.21062858492109
2.28690172149049 -1.0528689357174 200.168242774513 2.51331352994476 -0.834524700470177 5.76517409877583 9.66699107779642 -1.01961201198087 7.04977818165911 0.0639423731695182
-0.42719385769372 0.860526493449283 201.74567806384 3.24923194732111 -1.5265565619209 5.76251800926091 10.7493392705131 0.554466435710868 7.5251987288415 -2.16193171574627
1.76207808172026 -0.191940415800891 197.062486117139 3.65905974295431 -0.141090366893049 5.70180506102595 8.76406542438132 1.60110628519971 9.86198211617409 2.03968060103287
-0.883939068714209 1.37805054716011 199.851174117153 3.18393533871813 -0.845264565372228 3.91103407952082 7.73041327039451 -0.543210259953194 8.12445532755713 1.69474355903652
-0.251709130076678 1.39739692871605 199.910119460069 1.95762085496066 0.0731498338765351 2.25580327478606 10.965892977163 -1.5250426075493 7.73658057622445 4.17662500594976
-0.558634750277459 -0.229074982671359 200.469689264117 4.14364229673865 -2.14433543120676 7.00496940042112 11.1311513348343 0.611138749407678 10.7327979754378 -0.899947954732866
0.327831254879632 0.931672448316723 199.471610365125 4.32647740833766 1.68181240770116 3.09956206910581 11.1345217078613 -2.00271637655015 8.57016672629768 -0.607142466945542
-2.13546130907088 0.833188223436144 199.34309036764 5.45877892276862 -2.25796137939394 6.67692977142529 13.7086680043177 -0.74911332942872 10.0452973336305 2.06548681986219
1.77640219988755 0.822451305414414 198.220611987809 1.36798743148454 -2.76070711547616 4.42947823051496 7.80158436517097 -1.3142917597095 10.310644013426 3.72855262904838
1.07992525597269 2.51958778554653 198.68392205996 6.16277629253781 -2.35510268906223 6.43937384259617 9.11121593363406 3.54346765445728 7.61784579303115 -0.0730992936234325
-0.928451089853091 -0.296826191357491 200.33086963892 1.80732930844944 1.80410111548905 6.14513118420466 12.1305423698916 -1.7812147256362 9.83931024143787 -1.13412044678888
1.76143068363707 1.86003765719765 198.080364229737 3.89159788305023 -2.55594747260291 4.57742229696923 9.61985546571715 -0.944305974300811 7.77181307770743 -0.111187794720494
-1.43857726254333 0.537524480338984 200.218568864237 6.63046849185878 1.23196233710555 5.65905536789474 11.9921160616109 1.72183025899033 9.58261645097363 0.691129164977955
1.80013288432808 0.972079986453446 200.488037855043 5.75997599221728 -1.07918595950058 4.50545737764188 10.524453313512 0.211610155337891 9.23446138472318 0.209291490517382
-1.31851656800054 0.559001283256639 201.280378420495 2.01330630604621 -0.599575412905199 6.96255925785924 11.0947609641649 0.272869073618969 10.8270994808383 0.529564732541549
-1.0636267924508 1.63131240805448 200.589721555204 3.1518911829699 -0.279920628491582 4.38693411227197 9.04867764449748 1.08031752887955 9.7690234868954 2.58267408063298
1.36799616664955 1.28668833036785 199.290712928772 2.8062558911645 -2.53276203341824 4.72849435034566 9.61954990507026 1.68326754657582 9.30663101551598 1.66113439666597
-0.50677007123526 4.04318564561086 196.17706398355 5.39158243421815 -2.66609475824765 5.22275397211252 7.57133450176799 -0.180202544668793 7.50476945611587 2.66923315846848
2.87900039369377 2.04369708376698 197.273002087555 2.96056389952882 -0.767893789358602 3.71501534148566 8.83756636194377 0.0589289567761794 10.4776812340565 3.98291651424315
-0.904475101769135 2.09669657971859 199.281839447811 3.38507882186584 0.701846131271902 5.27794935468473 10.0486091159601 0.161200012730899 6.49223560581458 1.27778887974737
-0.613383875067577 1.16264148772947 200.350597297294 3.4721296953911 1.96920434297581 5.13484607073584 14.0839034955073 -1.31065583454964 7.45692137602841 -1.05522787241202
-0.0791725089653958 1.14448988547381 200.941387678467 4.32429040961568 -1.75217386375271 5.22518848057648 9.82304900433063 -2.06531417507421 11.4180483984275 1.47211743148628
0.200568600806728 0.563797349070557 201.097965750069 2.30174631202216 3.54672810778643 6.28643676270134 9.77088121457991 -0.969635126882728 7.78791351030118 1.15362439629706
-1.20170778477682 3.28663870381811 200.37421191004 3.76431426977577 -1.26148125103731 3.12320929672387 8.76869543422044 -1.97776012797432 7.54485678522182 0.585974545210613
0.704362722569619 2.23821165090687 201.245136838782 0.923796897200393 0.854018942926941 5.88673729379243 8.70320279746742 -0.352444051745372 8.77159012962236 0.555652152023589
-0.146820053515647 1.91126606558651 198.225168487635 5.30760571927441 0.168532881311578 3.66037580832264 7.54458900310168 1.11263632808673 9.17046282374659 -0.903536668176609
1.085172213642 2.03334172320452 197.362308281201 2.84450600934909 1.58388512587615 2.55958370471257 9.36247076724333 -1.03308797077022 11.0921796107769 2.80576586588666
0.0491276076170122 2.55844821062365 199.782755882014 4.37148177637403 -2.347610956531 3.86157835464375 11.5146304943639 0.937176332110936 12.0394475796777 2.85692795820668
0.445527283114117 -0.807497732901417 202.313236017823 2.88534328103763 -1.40840659341467 5.50823135659284 12.4353862549996 1.77063378702635 10.5513632833988 -0.155001041009633
2.32906992732065 4.57333332382555 198.975903517446 3.24144051783201 -0.0204063637833656 5.61059499176669 7.68456615649357 -1.42251280891626 7.29623765742242 -0.342136914094095
1.95171097190627 -0.214897755417045 203.571352938521 5.6850513573252 2.33253284014101 6.7635154497973 9.29732280927709 1.19727714216201 8.17456858751009 0.263253834433844
-0.0246357309754704 0.369710206748007 201.494838949786 2.67518389146728 -0.848277361510365 4.74549353011303 10.5117545935297 0.237864904155483 8.53752014597174 1.54187505681153
1.14570864711409 0.778701191926368 200.493139511148 4.37352708632124 -0.290901560150565 5.29972042713423 10.500456097578 2.27901946955385 10.2600177848398 2.30847821456597
1.87411689006408 0.06683318958347 198.20857591989 3.40171748185459 -2.4984818355824 4.9467421892856 9.5279584510658 2.08232738773871 13.599066089274 1.25699481963352
0.754686760847925 3.74514795106821 199.574582327382 4.79704384284059 1.89850155703334 5.02483421955416 10.4601479083881 -0.120498846172194 11.3049579529303 2.54462266531399
1.45906338364004 3.01578456012022 200.094867460974 3.89933593683165 -2.30468085371395 3.92632289818713 9.0503411642218 -1.11430182184769 8.65628022918171 3.38251557913001
1.05120526153601 -1.24017218913734 201.406895997701 1.43678886782918 0.919487332108261 4.10571430358258 10.272725780859 0.718130151720317 10.4823966826315 1.46046924469903
1.21483538098979 0.190148606894342 197.174916023341 3.97153727191067 -0.890736008309943 5.44656410450555 9.2148142231787 4.3534910911943 9.09662163477878 -0.878625910797223
4.87608452786523 -0.6413900492028 199.971227803964 0.814814809356369 1.51681849807446 3.89537990158552 9.3350815863048 -2.52444381373067 9.11259555958126 0.113876468731534
2.78856988496484 1.84951500799988 198.944720628406 4.15968155872052 -1.91405351029213 5.52439859913957 10.0911849263082 -1.28953525290708 8.87082903021987 -1.62533922510148
2.30326494881038 1.70549053107488 200.337950306329 3.17410836825256 0.651994962075675 5.63314520524327 9.50817716407053 2.38343176774006 10.6161647380586 2.46410713334303
-2.22511777266452 2.37669362692419 199.972806306164 3.91119654509557 1.72378722345992 4.92122138322364 9.937143150211 1.17410363530233 10.6291400779201 0.915943846197757
0.0920711009377127 0.793164943692483 201.437749447566 1.43413086163371 3.26368454100466 5.05859448113141 10.0936516954006 -0.783684443800799 10.7631061511404 1.13215915679604
0.0996431045129781 0.606997617821184 199.308204838704 2.87151219943969 0.329831943022689 4.16454790136687 10.99228718067 -2.49214913851642 9.65743451689112 2.17528466746606
1.35523594180513 0.0366466145787551 200.194094140303 2.52910865432139 1.48671976071154 3.79058142526422 7.39733196428245 1.91668674571255 11.7532036645813 3.39963899404165
1.23905382100707 2.22486252715803 198.456140504366 2.64003811052853 -0.229277113571686 5.27397487611282 9.16187835367648 -0.916965785078263 8.67946481449187 -0.837871818220395
-1.24690499266895 0.746541603943364 200.602211589378 1.46960225542208 -0.1058595574428 5.24778184108824 10.3771242698696 1.48776635773079 10.4184160978249 4.25298446449596
1.6067949568102 0.495151701267351 199.236557276412 -0.686881044260464 -2.22048532152824 3.80386982984805 7.52927676534413 -0.187068848827438 11.4454697755454 2.32560784972797
0.575699636746007 3.47109664753738 196.781565951573 3.11663635264613 -1.60104092611367 4.85142403400478 11.2282740430875 2.48678144274004 9.8990117835333 0.650714412565412
-1.02854459066241 3.3798917596999 200.641182878093 3.64952220751928 -1.42613518989884 7.15832701169305 10.281113310273 -2.67150189892302 7.43629745681903 2.06406553672137
1.89561443584036 -2.16655206832954 197.451154309571 -0.206150617203641 0.0829470332343922 2.8385714117771 10.0523102235733 -2.73904509935373 6.91216387091833 -0.783406725019655
-1.56062843274138 2.83139978006143 199.814449488734 5.89924059559205 -2.41525312174613 6.02185584336052 11.7541803378808 1.62057956835075 5.94260597645988 -0.555917164212262
0.00141631420868732 2.36747496843517 201.774117372822 3.94976121287213 2.4044456370559 1.91547935124907 9.31047123241163 2.08044053528231 8.69653796829121 2.25174770010622
0.633700889343119 -0.68592322777651 200.316587384932 4.77829168359083 -3.5382488250007 6.33613132246973 10.2308832338737 0.583439562568205 9.54749639419867 0.759117369461647
3.89247263507789 0.481206929033648 199.764200604393 1.62280958659238 -0.0606624156512136 8.02165499668595 11.4956383551136 -0.00142686116550761 8.41663213524895 -0.210403423585271
2.15990045333347 2.74656088214537 198.671156368849 3.74558142058768 0.0935798715663053 4.7143222265563 9.64445748298012 1.15127274112767 5.5012706486506 1.71608818004957
-0.17716005447286 2.83599217606929 199.958750768543 3.19625710693898 0.615536471197464 6.68744810883091 11.6866574538413 -0.968578924692784 10.3922528508303 1.77112302717239
-0.133698270411444 2.5248305551698 202.41267420842 3.97503600975829 -0.983055759806447 6.03448832287436 11.6288465913322 3.32094585080459 7.34059407620587 0.055694714002515
-0.512352754477678 0.228030534284874 197.520900732167 0.744893452328764 -2.03207615583691 5.709077752598 11.9806946440445 -0.982108016014415 8.61430652499986 -0.646928973353331
2.49969659658146 -0.222460967722329 199.415382464756 4.60199360245796 -0.966919723504405 6.51497800045511 9.76128571380135 -1.76502963614426 11.6348637672486 -0.412250624840047
-2.42151683843275 0.158012023373699 199.890716113738 3.23380469186827 -0.128833350563228 4.75896927447749 9.8711565649705 1.9266320328069 7.91641854781948 2.11737783932215
-2.47452218220758 0.521030210071567 203.072606083489 1.47746846559638 2.31143840433229 7.19372129806589 10.818776408464 0.140658854143426 10.0901771930086 -0.740432812025868
2.20075057646388 1.55087977763741 198.763714104298 4.65695428543164 -3.42783787255963 5.74417910439525 8.30401668248599 -0.526844611529745 10.6177135187632 2.06090090328971
-0.294638978549043 1.72749354039625 197.804667056729 4.70873271318053 -0.199796410903617 1.74004657277979 9.00212870621331 -0.136515652481773 9.50387756493454 0.0843743738331414
0.224666317827286 0.682726943710356 198.590050317238 3.88012101662695 1.60060563421655 3.26891012038202 10.434774404187 -2.79876049499283 7.60959178790942 0.0400382893245376
2.51028023952929 -2.21491393631367 200.415347153306 2.54656819788639 2.96498726219416 4.1522606129606 10.3622177954801 3.72349115443269 8.10401521914288 1.06780902557358
-2.31040892992733 -1.70470889651951 201.867484647899 1.97804908914059 1.28499202550843 5.20817568142888 12.1146430709977 -0.672564050686923 4.87498295557074 -1.59313941675046
1.93032595027111 2.02235644912149 197.159024781548 2.76634497570044 -1.54944208463683 4.1813539585561 10.9060880505284 -1.34850409930698 8.91168253164499 -0.953861717910066
-0.461932633209375 0.891146192354451 200.356107632163 4.07678322993682 -1.21739603497215 4.13445579539493 9.12723211543185 -0.805314440957341 9.92111532523615 0.73166933558882
0.623839312563749 1.4469259572792 201.261216447889 4.3684736482602 1.14599884030536 4.93219642754133 9.89989266091221 -0.995043771466321 9.73683592637169 0.0547722015214807
0.698370964429488 1.67317977727046 200.069424613606 5.41556038513854 -0.8000233893225 4.6993447049912 9.57078344224651 1.4846906958925 8.04993268313437 2.81882266732421
-1.01879340791196 1.16059893051829 199.829880118681 2.25128919783517 0.394491275731322 3.86300953368822 9.7322342757297 1.32952554886193 8.77050063312901 -0.190536181357617
2.29381913829513 1.02359329394633 199.083252971151 5.17359692516331 -0.526571123873867 4.93659904166161 10.5382859545575 1.13273486036495 8.28558366579036 0.55089899371705
1.18018494844866 -1.26135707105288 199.151954297365 3.25658391109291 -1.6291790609309 4.69348475623385 9.45006693423327 -1.0559355349304 10.5097842375092 0.490720774021516
-0.580316243001618 -0.549537945458414 197.845392893498 1.20018499008742 0.746020958192667 3.85496492611453 8.74057800622266 -2.78050434252035 10.4922549864314 0.11177661653828
0.31596200143078 2.61322695760087 199.282177961573 3.33876233689086 0.496738515044628 2.1217672852179 11.3171375713278 -0.70442911870433 7.6245555209289 0.0895589798135763
-0.310098803116166 3.09179783140198 198.656980749575 2.45528583604636 0.329171402935703 4.9380581379415 9.49235793390592 0.662196359395605 9.52684388437916 2.90987667847315
-4.25596110758482 1.36637157332686 198.368901647275 5.18120014120562 0.191047124204467 5.61282029332381 10.7565250775352 1.31646626971011 9.24391556791973 0.176445457204139
2.0217001384792 1.18393679158541 199.718752564532 4.86981149362215 -1.62560809726203 8.4490052468454 10.504094125918 0.501426589363783 9.57409964604302 2.04546240106373
0.602276871823363 1.42788403492752 198.465740539163 3.34234243555575 -1.95078506567195 5.09793859150426 9.43767584106433 -1.0852712815451 8.60493884870331 1.94539669946917
0.792923837710403 2.39586551639097 199.470134459872 3.73790579799866 1.10935561553262 3.95545703586373 10.5739129237021 0.892089628943091 9.09739264463248 0.0208627294126974
-1.63164575358648 -0.84483143672898 197.224118461326 2.57260189021083 -0.450111994418606 4.92084891035916 11.0897374513687 0.209425302097375 7.36431177660228 -0.0711105613749063
-1.36089023896191 -1.02616889619552 203.29175491089 1.72947870596356 1.69701007227147 6.84311795234299 8.77417996209587 1.26839938244442 7.83675903318876 2.61860789209452
1.03964338988007 2.56734005300316 199.832375860813 3.1956750168923 -0.295863498235166 6.29732861651485 9.9856899244712 1.33398235424091 7.90035328332486 -0.795502968835293
0.437587897930497 0.159975523940228 199.589202532453 2.60360053455667 0.452868716590343 5.71949000962174 8.01323656754172 2.13441507318738 8.97516717184431 -1.35193805726867
0.18525107131475 -1.62513960596939 200.972714592475 2.68216870324902 -2.63262072613268 6.73847727203821 10.7101504442306 0.938336032938683 8.85528211543633 0.732509230202216
1.49434583586443 1.77512029675662 199.929165102207 0.992225495706693 1.04584965086284 2.86509219053272 9.79914858645447 -1.51021017652198 11.2292235245998 2.68432913336476
0.180963104764747 0.439341024352459 197.976203000648 1.30723949667031 -0.352932929616068 5.29319369388561 11.2321779351148 -0.606620867582976 10.2548763663957 1.93416637905295
2.39248577464119 1.64796576740784 199.646055537983 4.44481760029108 -1.39241598552108 6.89888905995567 9.7216742284671 -0.0317480632286617 9.82849623457066 2.35401250278234
1.5771390925867 0.260847916958588 200.428726624994 2.17633231586155 1.7605232810787 5.49634501748145 10.5454559431674 1.88852260352812 11.5714954012795 2.88143965730845
0.832800109760785 2.49721027244788 199.386695617185 4.83438715930313 0.069308861299406 6.9462284095036 9.87426106085455 -0.30731644888175 5.9894289317449 0.288206242180882
0.3919898581144 0.639122928738749 203.706144569795 1.00136862539945 1.56294656874101 7.76652389771146 12.5288230074981 1.56262190209236 8.61527834160915 -0.191844825845063
0.235982934688644 0.45320870770886 201.073150925486 4.72768275628308 -0.546802507155811 6.32407412453983 12.3072629451748 -2.40603898507251 7.18504625555571 -0.278972918513977
0.614646062257402 0.829500150769814 198.341990897634 4.06757518755049 0.250207974072756 2.7155367769543 11.4171280252813 -0.157614906191905 9.53752440586516 -1.65979551193056
1.63334893227658 -0.0293698413972283 202.683303575147 6.72900427433638 -0.676429753625882 5.5046959844124 9.7593278250483 -0.534238424118204 10.4394925795356 0.515110122674651
2.67305033500542 2.52035882254546 197.682050942148 4.55479233251269 -0.885723407642641 3.43516432845889 9.01208514054492 2.57664517394417 8.57618911590112 1.17784641287822
1.67258734539581 -0.40340387038029 199.633264654417 5.11930484468243 -1.99079849184236 5.68405327890051 8.73976410651138 0.869725888138515 7.54927917282907 -1.18107803599961
1.40330907326811 -1.73010280721219 203.001391796639 1.745666845506 0.0895329329846673 6.20461769498799 9.35693429235026 -6.25422264680127 7.01808592016693 -3.36519143861006
-1.22887439787147 2.494892271257 201.6064771363 5.77742666364234 2.08855840627509 5.99703378102962 11.3909880352257 -3.53869564123044 9.1581965383412 0.131792884812362
-0.78783152545351 0.579540061368333 200.994754787173 4.39439020265211 3.6943700474671 6.77219345915965 9.41687452728586 -5.16695574478702 7.53069681432758 0.03874872543052
1.25771231952457 2.38450736040828 198.560853813061 5.7997105717661 0.508276661606151 3.32672154420414 9.3100526819927 1.55488620632007 7.62393949034576 0.441531873993355
-2.41940828665273 4.44412939039576 198.420980054786 5.68037626741354 -1.10468311956955 5.39313925469677 8.86425009931362 -0.782371967537351 8.72513998694965 0.0912228036241943
1.28632092695573 2.76049721472082 195.527211689733 4.42113507292225 -0.249643744150747 2.43340973074292 11.1908248482077 -2.01999913819468 9.53066032508187 -0.764020245653161
-0.132678593452864 3.1413978459613 199.804109640824 2.98534796997096 -1.8871573144276 3.35624793016423 11.2742896203726 -0.873816210112798 7.19218585692155 -0.771982051427269
1.24590005904296 -1.88105071652637 198.769294736324 0.500045436068147 0.619340172819145 5.78273769201049 9.17033920635581 -0.176134544573222 9.30272310515238 -0.953843158111122
-1.82797371622775 2.35790086725178 202.019485610817 1.40689971196783 0.951955893980223 2.64857111892191 9.62477575140136 -3.49574258563772 6.41428995142832 0.506344987618639
0.945913906637729 0.493605560181099 200.491576880128 1.28019121729005 1.49271390749934 5.2467707704289 7.66052779122473 -1.61094610959245 8.72659881800397 1.39467683880752
-2.69642259065137 2.31022655104915 200.348080620218 2.70694414007452 3.44606612260085 4.27328546565823 10.9393205671862 -3.16722604820537 7.88611047125187 0.143800218374433
0.333166480127132 2.30280583890291 202.778462536937 0.837640265877412 2.10045638849037 4.32737915264979 8.76255786758508 -1.00430435492941 6.98844424550825 -0.350583296140345
1.63780308927213 3.31863728905724 199.153112347491 3.78583291233636 1.17798173439648 3.44691746766157 10.6107134075815 0.349894280524252 9.57150155272009 4.08120200491665
-0.0263282307079169 4.90788198087114 200.194906194242 5.37511273131925 -2.26493162150208 8.53739274436562 9.95760360820019 -1.57783096819911 8.6564140713846 2.55492694308526
0.633629632075944 1.65897779152262 200.975909456253 1.61270335789008 0.113487884384034 3.18358921070902 8.28954854193869 3.70368969943765 8.86608249030406 5.02982500813995
0.0252443405819061 -0.0222766145115454 198.782011843885 2.52609346581873 -1.84275438061405 4.19014975872577 12.6300436028478 -1.0114757060735 7.4465473911192 0.595702011697526
1.86267614805338 2.60178334368654 200.115677332511 -1.68800600688257 -0.0103757332913527 5.81021872712171 8.15964826343136 -3.81374894080315 10.5241340118626 6.00842827438249
-0.126920847780063 1.24999741420286 196.057053823238 5.57931091552014 2.72009640203385 -0.0415501411401973 10.7746497507651 0.148423501631366 6.20646775148159 -1.85763084610286
-0.680872735919569 2.78598194480486 201.719284329859 5.14238150973691 -0.716133841914522 6.6053859748043 10.58513711292 -0.353731955890756 7.62143620111931 -0.151562547878929
-0.525935257752331 2.21816086252038 198.902204485215 4.16077314157208 -1.30902835505286 4.35903287971647 10.2205390041207 4.17421053292519 7.64644990710984 1.68227282777697
4.58035896446697 0.764675168546913 202.998021977778 4.43483218432652 0.12277091153667 5.57164737912802 10.5930265984584 -2.24757337959939 7.00283343980157 0.631084122486208
2.30774360937613 -0.275659414688387 199.847304980424 5.83960443045679 -2.59119068077884 5.93293127932432 11.1306905666877 1.00623787499504 9.49502796305995 0.0533258084830062
-4.31041240711941 0.198023513337665 198.734345682578 2.98130172610427 -2.19121966745056 5.14954526173913 10.2975728692703 -0.161756647465263 10.5323481151728 6.33179729491339
2.72275588184391 0.9857661039261 199.855688952691 4.66474959099822 -1.90655388174156 6.4303192466383 10.1205302776938 0.682412431808045 8.87759719564023 2.56218454906449
0.675093845447598 1.02549374581435 195.767732544223 3.59735107375833 3.0551876921799 3.08485438767085 9.35973338189715 0.116135106561438 10.5619807683308 -0.142046530090705
2.8185437706674 1.31293101795382 198.406728257218 4.57858923267754 0.160246700702174 3.93811925888324 9.38813341169739 1.56565391919559 7.88368162620403 -0.640738383456606
0.0135265876705277 0.0494125253428316 198.022149915034 2.1066485385597 -2.10043663254947 4.99452685606107 9.11735948039938 -1.92005487977947 11.4076163439521 -0.687878997575723
-0.898334809185652 1.53980126889701 201.828454797233 1.76036223108726 3.57172729388963 4.45820090116617 10.4116440990776 2.77290098196974 8.82941439045243 2.12717628983103
0.34123339978096 2.4700730170303 199.107797741159 1.65850750634998 0.814645906416039 5.1011587803037 8.38899893339023 0.239289690877457 6.15933347268471 -0.0700395036792161
2.16555715501239 2.06253810526155 197.635547495218 0.530888540995206 -1.52294536608563 3.71051245343707 9.72901430397479 -0.699061348106595 5.98431508750314 0.876920377959105
-1.1722149749441 1.60919807144329 199.918663233138 5.79124247351103 -0.699154220768299 5.00285420193965 14.204823452246 -0.774332284575492 7.71774643599014 -0.764604481594739
0.96539178777183 1.46480264916284 201.013961979768 3.8972116775681 -0.448090623052288 8.29304592683894 9.63980567207005 -0.102008475781646 8.9018691947053 -0.814759238825042
-3.0559663116408 -0.926585311251249 198.441589675264 3.35725740352739 1.91323316763098 4.90899899983014 10.3350143795688 3.31655149377267 11.5300796389695 -0.378161552179185
1.8299073093199 3.57553919548683 201.966623586123 6.124373760124 1.32951356234539 4.95302826018068 8.73969272671217 -0.183855698473169 12.5605376935438 2.57230513536613
0.0625246311698456 2.09044805396851 197.492787335228 0.264683587457651 -1.93674776424122 5.87437308946173 9.83400309554047 -0.986657358244455 11.2972952310796 2.7202136833773
-0.772293569954709 0.933700398413467 201.940299445962 2.72539093316318 4.13416560534699 2.51743071211959 10.7384981384636 -0.502002125360426 8.08493777197937 1.60264545727267
3.22474755488287 1.48032752519685 199.261008092048 0.681973307741221 0.674389914100765 2.47816815147188 10.2169252258501 -2.27824135127035 7.43837244286838 1.87151969076443
1.04290072314186 4.54501940304326 198.928513581689 2.62027840761047 0.442534493883375 4.52534228954014 9.59004759429107 -0.591188486322788 8.80302790904192 2.41067472576914
-0.751620029581742 -0.898155420800984 200.461249845374 1.34922178249951 2.04291048487465 4.97184351259524 8.73580137157823 1.8080018326355 9.30936503163414 0.77038774388335
-1.1068073046202 -0.10225722243398 198.433677315303 0.267249465366984 -1.56288411794754 6.58974149801866 11.371476756642 0.299963211035393 9.68879440011511 2.23426618450279
1.27596014981953 3.08206174810332 198.607821333837 2.63416171637462 1.99341528901031 4.6733980036198 11.3550132080546 -1.38115291911603 9.08092290686349 0.884201215076611
-0.438024795972735 3.38946870183003 198.167017161841 4.30482998876628 0.743530199557765 2.94158159320424 9.23439696358694 -0.599924473759256 10.0670407277006 0.787562781488346
-2.30740460406173 -1.09302179259133 202.566925669931 -1.20299168979573 1.54591625235745 5.09629687866283 8.69794554494108 -0.241414575340231 10.684077758088 2.70624993292302
-0.61292910518778 -0.12392717805738 200.536874597502 4.38417701281865 -0.441484881957389 5.02571082646019 10.2568392240875 1.90788993739831 8.92444746758868 2.64898393352885
-1.76333988281357 3.47566245939288 198.703976546445 2.74137238841505 1.15037374420852 4.22431868260064 9.64242265507512 -0.804962221894234 14.002262707423 4.13156893325065
0.397929752843151 2.74333632718939 201.54757435987 1.98563554426975 1.86773485398723 6.1448406107169 7.81968614389237 -0.112556824305373 10.6190175528488 1.63599483508961
1.84733514815333 1.24322528249973 199.195437703392 4.51919179545369 -1.5016474205655 5.42578531176382 10.3683903991522 0.966437419841164 8.30669625101687 0.53643109795897
1.47598081837914 -0.090051639958159 200.386330072969 3.05252741778985 -1.02510067535886 4.35660787070521 9.67192587943837 1.66525268454515 9.10656050247731 1.53302008961466
-0.0622594515057582 1.25557984582033 199.734355427788 2.64397665350883 1.46084977825901 6.04011663713425 10.321068647829 1.90940209326363 7.15256347876875 0.950661813867976
-1.27105269269203 1.1859545848312 201.521944369551 0.214452285766953 1.02487279179062 4.80055049409934 9.55278718304255 1.24489709316264 8.32205709437439 0.58285102040594
0.0670935369603856 0.396982190343849 202.073563194434 2.01434851209361 2.14502143424643 1.06742202419691 10.8548142062735 -0.348688414042705 9.44931438278758 2.83937286010643
0.302792827007514 -0.583870875798328 197.513720259665 0.123229646734349 -1.57034836877248 5.82783676551018 10.6536222415495 -2.15182276174098 8.59125277959209 0.375088508755331
2.61411196715457 1.97584856679414 199.791611175258 3.9867797242045 -0.316865666658115 6.73664402416312 8.08242621439987 0.698821191740829 6.87746498295726 -0.449867141250162
-0.116008023703213 2.59267790272215 199.589402074593 0.789224374282071 2.16071549524495 5.50652597742139 8.65504897427157 -0.485904159875582 6.07082904822979 1.77340881500263
-2.05632723336014 2.48373528383618 198.870324148489 5.63370357091737 0.309979525399893 6.80192153947526 10.0359461447816 2.80010846503766 5.71837030261995 2.1171616862302
-3.05260056749949 -0.502628811749475 203.251633200507 0.803578627072499 0.885566613141498 4.65249249305054 9.74116358040035 2.1257932151733 10.743629862629 -0.693934006662812
1.41387303561892 -0.247452027992255 201.534451723802 2.55786156957891 0.169673177519728 6.98254121749225 10.0127946119638 -0.0434619052086831 8.53768909262791 0.132053856631991
-0.70474692221345 1.15087416808453 199.448695234527 3.29347507696264 -1.51375509490941 5.2756107906346 8.1572116584576 0.146716488871767 8.18957921741527 1.55574358979143
0.843028643151965 1.54428947075424 199.208292778436 1.83184218087361 -0.249302218084882 3.8475564249708 8.73156822599642 -0.0887225986551933 9.29527632975708 1.76752656631713
1.19211918871124 2.91537625459594 198.235854626057 5.93328779875299 -1.1227673931664 6.30323562950387 8.24033018329072 1.23578146121602 8.88791717317501 2.46766293798444
0.351763432327646 1.71198827016733 199.865280871465 2.64781686397224 1.02106631670206 3.64573626267607 8.34194519690762 -1.77098046568165 8.48970805443314 1.34384881461343
1.32516910753839 -1.70387391848274 202.766898235512 1.42395080071795 -1.65666974537654 5.85280863143603 11.4928771231353 -1.80815677477106 10.3911346250366 2.02917877032044
-0.842606571993536 -0.536158139595065 201.554359700365 1.23495209886143 3.69542915045659 5.19227721220831 10.1026738525765 0.695089681991488 9.11115159329453 0.924429578650117
1.5058775535713 1.9513216269879 200.811827966879 2.04466554278534 0.834603346897783 5.16409376828525 9.77019521324462 2.81167888594642 9.10332075110915 0.932800199662396
-0.932201871113413 0.473671540537177 198.774493999303 2.33398023872198 -2.28286980193862 5.9125698500289 9.7690189851554 -0.614678036962397 10.4409026026308 2.70284485630313
-1.83924960117215 2.79798311185342 202.21696309476 3.96474560542241 2.52672695294975 4.65413740989093 9.10069175586409 -2.06007417884191 11.7730007953546 0.689359762066924
-1.54486181992728 2.61835345849982 198.315176776031 4.13833217650452 -1.80763639867137 4.44793512319361 11.6075680927151 0.960801284328786 9.97210622482477 -1.0767702041203
2.30080536701476 2.82262761276933 197.378664541174 4.91020740144361 -1.19343660744664 3.75177190651367 7.73691548871265 0.161860031234458 10.6627640397469 2.29095889382138
0.90929068167163 0.98597658073173 200.432264790113 4.35412609679718 -0.276068170085209 3.75485942525653 11.0438598786294 -0.719270190394732 8.98506492633445 -0.545998870299665
-1.59468387982572 -1.12298819852371 200.586661340507 3.84503427110108 -1.52432315129575 4.34990298350018 10.038927566228 -2.03218365614612 9.09400067410902 0.776916507369939
1.94239694350554 -0.20092117391058 200.509403507696 3.74351479404261 -0.0114046894249108 5.6626419057356 11.1806097573919 0.153582281579619 6.82824533355656 -1.40891524719132
2.50963991063552 0.698530704669451 197.722710888735 7.22461008310201 -2.20104702625837 4.32961904856097 10.5657755474804 0.555151068616491 6.29425647542504 -0.476375166500929
4.92825227029226 4.80355989949107 200.862507818082 4.50960621938045 -2.17348080541582 4.74285290272167 11.7138055934422 -2.50551162795462 7.36308303231594 2.10918236393337
1.65328581619576 1.88571635454159 196.331588687151 7.13394635295202 -3.49126675323508 4.14078994814718 8.68541679591567 -0.379073603445393 9.00313726718969 -0.329056909700364
0.0776191432812769 1.95647725916976 201.054788971708 4.63685935172106 0.93826039790451 6.21804105143394 8.47860933280694 0.891045670584681 9.50273631691185 -1.82252836382674
0.0839553302448859 0.573979800693244 197.694532607218 3.59274346192891 -1.22696061393356 4.96676484930409 10.2100017447055 -0.922369353470335 5.83397300158396 1.81844702577163
-1.19470326998877 -1.00616526889892 198.867349152643 0.418087401472065 1.30543143851263 6.5191707590296 8.64756180834034 -2.19990275677913 7.70421503488788 1.30411988722256
2.32375483048147 -1.03783548208989 200.300805786432 1.91685795855564 0.150701312743322 3.55246777770973 9.43693287343749 -2.53624390915367 5.40936523048711 0.0707505799250143
-2.02794405577169 1.64883390097338 196.484471325016 2.83085040837304 -0.609433214757261 2.21676216172611 10.4559452120616 2.04989364555918 10.5715919157667 4.27172826064739
-0.871102839440959 0.692610380672008 201.290424847772 2.20565685162285 1.67638016761893 7.66777981997345 9.65796047972636 0.386165868485792 8.761304351542 -0.184867466195883
